종목코드,종목명,거래량(주)_매수,거래량(주)_매도,거래량(주)_순매수,거래대금(원)_매수,거래대금(원)_매도,거래대금(원)_순매수,업종명
006800,미래에셋대우,"65,999,592","42,149,022","23,850,570","411,432,062,445","262,657,821,220","148,774,241,225",금융 지원 서비스업
005490,POSCO,"9,885,540","9,758,580","126,960","1,846,315,922,500","1,814,215,116,000","32,100,806,500",1차 철강 제조업
138040,메리츠금융지주,"3,100,386","876,718","2,223,668","29,407,800,050","8,396,130,830","21,011,669,220",기타 금융업
004690,삼천리,"309,399","34,073","275,326","22,218,265,000","2,382,539,900","19,835,725,100",연료용 가스 제조 및 배관공급업
001510,SK증권,"32,706,788","4,696,903","28,009,885","21,289,855,697","3,621,960,411","17,667,895,286",금융 지원 서비스업
005387,현대차2우B,"855,090","612,448","242,642","55,370,653,500","40,934,525,000","14,436,128,500",-
161390,한국타이어앤테크놀로지,"6,840,626","6,162,403","678,223","164,418,220,200","150,829,807,550","13,588,412,650",고무제품 제조업
003670,포스코케미칼,"4,720,742","4,542,526","178,216","288,350,100,750","276,658,859,450","11,691,241,300","내화, 비내화 요업제품 제조업"
003415,쌍용양회우,"753,020","1,420","751,600","11,519,820,850","22,737,050","11,497,083,800",-
001120,LG상사,"4,658,954","3,859,567","799,387","61,475,838,500","50,213,231,730","11,262,606,770",상품 중개업
003410,쌍용양회,"13,936,421","11,858,865","2,077,556","70,251,459,760","59,009,000,860","11,242,458,900","시멘트, 석회, 플라스터 및 그 제품 제조업"
115390,락앤락,"2,089,746","1,172,311","917,435","23,691,015,910","13,103,562,370","10,587,453,540",플라스틱제품 제조업
285130,SK케미칼,"1,041,948","1,055,566","-13,618","111,982,109,900","102,267,756,250","9,714,353,650",합성고무 및 플라스틱 물질 제조업
003300,한일홀딩스,"236,043","19,076","216,967","10,082,706,650","742,953,600","9,339,753,050","시멘트, 석회, 플라스터 및 그 제품 제조업"
101060,SBS미디어홀딩스,"5,917,678","831,357","5,086,321","10,900,323,495","1,759,615,425","9,140,708,070",텔레비전 방송업
122900,아이마켓코리아,"1,266,820","285,255","981,565","11,553,547,500","2,586,226,650","8,967,320,850",상품 종합 도매업
088980,맥쿼리인프라,"7,157,219","6,447,763","709,456","78,363,685,380","70,021,765,870","8,341,919,510",신탁업 및 집합투자업
034830,한국토지신탁,"7,423,559","2,484,063","4,939,496","12,801,546,730","4,492,355,070","8,309,191,660",신탁업 및 집합투자업
004490,세방전지,"691,968","399,090","292,878","19,857,972,000","11,971,888,350","7,886,083,650",일차전지 및 축전지 제조업
003570,S&T중공업,"1,560,229","114,779","1,445,450","8,161,523,335","622,880,875","7,538,642,460",자동차 신품 부품 제조업
010780,아이에스동서,"1,119,343","809,232","310,111","29,563,724,050","22,113,845,450","7,449,878,600","내화, 비내화 요업제품 제조업"
336260,두산퓨얼셀,"1,474,095","907,438","566,657","20,720,878,775","14,281,326,360","6,439,552,415","전동기, 발전기 및 전기 변환 · 공급 · 제어 장치 제조업"
317400,자이에스앤디,"1,855,558","890,729","964,829","11,519,324,060","5,297,880,115","6,221,443,945",부동산 임대 및 공급업
027390,한화갤러리아타임월드,"252,606","452","252,154","5,820,941,750","10,420,750","5,810,521,000",종합 소매업
033660,아주캐피탈,"684,577","165,610","518,967","7,706,677,280","1,955,195,150","5,751,482,130",기타 금융업
001200,유진투자증권,"4,087,203","1,005,912","3,081,291","8,542,542,070","3,070,728,450","5,471,813,620",금융 지원 서비스업
118000,우리들휴브레인,"4,719,608","4,129,181","590,427","18,617,806,625","13,475,838,515","5,141,968,110",기계장비 및 관련 물품 도매업
084010,대한제강,"986,334","62,468","923,866","5,481,874,840","360,588,695","5,121,286,145",1차 철강 제조업
016800,퍼시스,"185,542","7,442","178,100","5,208,867,800","208,388,300","5,000,479,500",가구 제조업
053690,한미글로벌,"921,476","338,536","582,940","7,039,205,600","2,441,777,425","4,597,428,175","건축기술, 엔지니어링 및 관련 기술 서비스업"
095570,AJ네트웍스,"1,388,030","407,722","980,308","6,008,043,945","1,489,506,780","4,518,537,165",산업용 기계 및 장비 임대업
036530,S&T홀딩스,"366,507","22,557","343,950","4,624,831,100","311,989,700","4,312,841,400",기타 금융업
001720,신영증권,"110,369","17,480","92,889","4,942,907,750","829,283,150","4,113,624,600",금융 지원 서비스업
003230,삼양식품,"162,480","130,050","32,430","18,188,647,600","14,126,396,500","4,062,251,100",기타 식품 제조업
001725,신영증권우,"103,133","21,073","82,060","4,868,266,550","961,305,200","3,906,961,350",-
181710,NHN,"341,836","295,277","46,559","27,427,715,400","23,554,065,700","3,873,649,700",소프트웨어 개발 및 공급업
019680,대교,"2,741,512","1,807,041","934,471","12,588,353,005","8,811,838,835","3,776,514,170",초등 교육기관
100840,S&TC,"290,306","43,667","246,639","4,077,295,750","589,394,950","3,487,900,800",일반 목적용 기계 제조업
159650,하이골드8호,"1,594,279","78,454","1,515,825","3,067,058,060","162,451,945","2,904,606,115",운송장비 임대업
019685,대교우B,"1,237,796","140,300","1,097,496","3,324,348,065","420,174,155","2,904,173,910",-
036420,제이콘텐트리,"467,650","386,386","81,264","15,981,594,250","13,249,415,500","2,732,178,750","영화, 비디오물, 방송프로그램 제작 및 배급업"
010960,삼호개발,"973,769","262,197","711,572","3,843,598,455","1,114,759,100","2,728,839,355",기반조성 및 시설물 축조관련 전문공사업
011760,현대상사,"277,416","83,449","193,967","3,723,300,180","1,110,972,010","2,612,328,170",상품 종합 도매업
000700,유수홀딩스,"716,487","258,630","457,857","3,945,699,315","1,507,568,150","2,438,131,165",회사 본부 및 경영 컨설팅 서비스업
001630,종근당홀딩스,"371,366","348,945","22,421","42,868,867,900","40,465,800,600","2,403,067,300",의약품 제조업
001520,동양,"8,959,058","6,517,686","2,441,372","10,212,720,941","7,876,547,484","2,336,173,457","시멘트, 석회, 플라스터 및 그 제품 제조업"
005070,코스모신소재,"818,265","612,317","205,948","9,259,299,890","7,028,261,780","2,231,038,110",기타 화학제품 제조업
000390,삼화페인트,"552,966","69,850","483,116","2,447,915,600","330,472,220","2,117,443,380",기타 화학제품 제조업
010400,우진아이엔에스,"646,386","343,382","303,004","4,640,303,490","2,528,551,680","2,111,751,810",건물설비 설치 공사업
011785,금호석유우,"221,052","157,262","63,790","6,340,295,200","4,313,198,400","2,027,096,800",-
004910,조광페인트,"421,753","36,368","385,385","2,166,044,060","179,619,555","1,986,424,505",기타 화학제품 제조업
005870,휴니드,"561,690","122,654","439,036","2,786,937,590","809,072,420","1,977,865,170",통신 및 방송 장비 제조업
030210,KTB투자증권,"1,225,965","207,570","1,018,395","2,425,153,585","463,601,260","1,961,552,325",금융 지원 서비스업
000520,삼일제약,"178,681","43,618","135,063","2,707,093,950","791,347,350","1,915,746,600",의약품 제조업
007340,디티알오토모티브,"102,419","34,342","68,077","2,737,555,100","864,425,550","1,873,129,550",일차전지 및 축전지 제조업
012320,경동인베스트,"144,434","83,088","61,346","4,252,621,600","2,386,986,200","1,865,635,400",기타 금융업
077500,유니퀘스트,"778,222","593,154","185,068","6,944,070,555","5,093,482,335","1,850,588,220",기계장비 및 관련 물품 도매업
004370,농심,"483,171","476,427","6,744","147,265,957,000","145,449,975,000","1,815,982,000",기타 식품 제조업
003010,혜인,"906,169","382,945","523,224","3,139,864,335","1,537,234,990","1,602,629,345",기계장비 및 관련 물품 도매업
006880,신송홀딩스,"861,259","304,667","556,592","2,885,979,015","1,312,619,960","1,573,359,055",산업용 농·축산물 및 동·식물 도매업
353200,대덕전자,"620,042","468,896","151,146","6,132,272,820","4,565,629,230","1,566,643,590",전자부품 제조업
023350,한국종합기술,"962,957","534,633","428,324","3,511,743,555","2,006,380,480","1,505,363,075","건축기술, 엔지니어링 및 관련 기술 서비스업"
003080,성보화학,"435,474","52,527","382,947","1,618,545,175","202,126,400","1,416,418,775","비료, 농약 및 살균, 살충제 제조업"
28513K,SK케미칼우,"221,667","195,737","25,930","9,547,387,400","8,178,672,450","1,368,714,950",-
006740,영풍제지,"598,168","132,698","465,470","1,807,106,525","440,140,500","1,366,966,025","골판지, 종이 상자 및 종이용기 제조업"
172580,하이골드12호,"963,668","382,218","581,450","2,197,199,140","906,977,440","1,290,221,700",운송장비 임대업
002150,도화엔지니어링,"405,861","204,615","201,246","2,845,154,540","1,564,598,050","1,280,556,490","건축기술, 엔지니어링 및 관련 기술 서비스업"
004360,세방,"227,216","85,947","141,269","2,075,254,140","814,831,840","1,260,422,300",도로 화물 운송업
071055,한국금융지주우,"221,352","192,493","28,859","7,630,685,600","6,375,146,600","1,255,539,000",-
126560,현대에이치씨엔,"731,213","426,536","304,677","2,947,573,355","1,733,569,495","1,214,003,860",텔레비전 방송업
334890,이지스밸류리츠,"362,891","106,870","256,021","1,654,569,630","514,897,350","1,139,672,280",부동산 임대 및 공급업
083420,그린케미칼,"376,112","45,939","330,173","1,270,704,250","144,665,690","1,126,038,560",기타 화학제품 제조업
042700,한미반도체,"757,224","663,536","93,688","6,923,872,200","5,874,433,310","1,049,438,890",특수 목적용 기계 제조업
015230,대창단조,"49,197","12,191","37,006","1,321,168,650","277,445,250","1,043,723,400",자동차 신품 부품 제조업
003460,유화증권,"196,090","10,655","185,435","1,097,100,240","60,763,855","1,036,336,385",금융 지원 서비스업
081000,일진다이아,"426,798","428,091","-1,293","14,731,931,200","13,700,325,400","1,031,605,800",기타 화학제품 제조업
064960,S&T모티브,"713,700","688,140","25,560","27,381,207,900","26,360,483,800","1,020,724,100",자동차 신품 부품 제조업
120030,조선선재,"39,071","24,683","14,388","3,836,004,500","2,824,105,000","1,011,899,500",기타 금속 가공제품 제조업
002820,선창산업,"585,374","297,158","288,216","1,955,602,440","954,431,425","1,001,171,015",나무제품 제조업
005420,코스모화학,"466,226","344,149","122,077","3,941,985,920","2,943,877,535","998,108,385",기타 화학제품 제조업
002690,동일제강,"629,286","116,774","512,512","1,196,085,372","199,291,176","996,794,196",1차 철강 제조업
009680,모토닉,"363,507","222,836","140,671","2,538,786,975","1,559,124,060","979,662,915",자동차 신품 부품 제조업
003650,미창석유,"15,163","312","14,851","958,758,500","19,538,800","939,219,700",석유 정제품 제조업
058730,다스코,"441,495","277,265","164,230","2,331,523,635","1,395,800,225","935,723,410","구조용 금속제품, 탱크 및 증기발생기 제조업"
300720,한일시멘트,"26,546","15,373","11,173","2,139,960,300","1,218,963,500","920,996,800","시멘트, 석회, 플라스터 및 그 제품 제조업"
024090,디씨엠,"101,345","13,632","87,713","1,038,005,010","141,639,880","896,365,130",1차 철강 제조업
007980,태평양물산,"1,324,998","621,495","703,503","2,074,844,590","1,209,828,100","865,016,490",봉제의복 제조업
001360,삼성제약,"910,613","720,661","189,952","3,758,967,155","2,907,709,355","851,257,800",의약품 제조업
078520,에이블씨엔씨,"243,810","142,601","101,209","2,258,062,060","1,423,113,270","834,948,790",기타 화학제품 제조업
281820,케이씨텍,"385,961","335,398","50,563","7,938,897,850","7,116,800,000","822,097,850","측정, 시험, 항해, 제어 및 기타 정밀기기 제조업; 광학기기 제외"
095720,웅진씽크빅,"744,031","430,911","313,120","1,855,936,740","1,062,908,250","793,028,490",초등 교육기관
094280,효성ITX,"178,488","110,807","67,681","2,523,130,450","1,759,581,700","763,548,750",기타 사업지원 서비스업
058650,세아홀딩스,"13,906","2,869","11,037","935,849,000","175,740,300","760,108,700",1차 철강 제조업
036580,팜스코,"471,215","325,527","145,688","2,488,035,185","1,730,978,350","757,056,835","곡물가공품, 전분 및 전분제품 제조업"
008730,율촌화학,"192,402","148,445","43,957","2,746,277,450","1,994,726,550","751,550,900",플라스틱제품 제조업
009970,영원무역홀딩스,"54,586","32,867","21,719","2,030,278,950","1,288,015,050","742,263,900",기타 금융업
227840,현대코퍼레이션홀딩스,"85,672","11,197","74,475","822,948,850","117,240,410","705,708,440",음·식료품 및 담배 도매업
001390,KG케미칼,"172,604","124,176","48,428","2,321,999,210","1,648,692,060","673,307,150",기초 화학물질 제조업
003465,유화증권우,"214,568","0","214,568","653,090,580","0","653,090,580",-
084670,동양고속,"37,630","12,217","25,413","957,615,000","310,202,500","647,412,500",육상 여객 운송업
014830,유니드,"428,949","379,987","48,962","15,434,448,450","14,801,351,300","633,097,150",기초 화학물질 제조업
005690,파미셀,"1,185,649","1,141,000","44,649","23,484,763,440","22,860,427,370","624,336,070",기초 의약물질 및 생물학적 제제 제조업
012690,모나리자,"658,868","562,485","96,383","4,408,645,155","3,857,556,845","551,088,310",기타 종이 및 판지 제품 제조업
145720,덴티움,"60,707","47,106","13,601","2,405,043,300","1,962,398,750","442,644,550",의료용 기기 제조업
006890,태경케미컬,"188,431","87,415","101,016","888,525,885","446,074,745","442,451,140",기초 화학물질 제조업
002900,동양물산,"853,733","348,231","505,502","829,149,801","386,875,397","442,274,404",특수 목적용 기계 제조업
079430,현대리바트,"1,238,997","1,273,276","-34,279","15,433,989,410","15,002,226,260","431,763,150",가구 제조업
194370,제이에스코퍼레이션,"194,976","106,644","88,332","1,314,067,030","896,103,800","417,963,230","가죽, 가방 및 유사제품 제조업"
093370,후성,"3,101,385","3,078,540","22,845","23,744,582,710","23,343,205,010","401,377,700",기초 화학물질 제조업
017370,우신시스템,"250,994","137,665","113,329","881,136,430","483,782,395","397,354,035",특수 목적용 기계 제조업
015540,쎌마테라퓨틱스,"415,267","366,174","49,093","2,524,701,580","2,142,225,080","382,476,500",기타 사업지원 서비스업
007460,에이프로젠 KIC,"3,328,860","3,279,243","49,617","10,089,017,850","9,723,175,695","365,842,155",기타 금속 가공제품 제조업
071840,롯데하이마트,"1,059,892","1,104,204","-44,312","29,721,010,850","29,359,735,500","361,275,350",가전제품 및 정보통신장비 소매업
017810,풀무원,"777,276","751,861","25,415","11,444,322,830","11,088,692,790","355,630,040",기타 식품 제조업
006570,대림통상,"96,749","3,956","92,793","370,169,305","15,153,780","355,015,525",기타 금속 가공제품 제조업
153360,하이골드3호,"327,658","45,058","282,600","411,578,030","61,551,925","350,026,105",운송장비 임대업
023000,삼원강재,"213,760","94,930","118,830","560,631,875","222,878,540","337,753,335",자동차 신품 부품 제조업
00104K,CJ4우(전환),"444,786","450,497","-5,711","24,885,440,850","24,550,957,650","334,483,200",-
027970,세하,"1,193,874","1,203,686","-9,812","2,425,215,095","2,091,070,225","334,144,870","펄프, 종이 및 판지 제조업"
000180,성창기업지주,"276,805","61,098","215,707","417,229,509","91,615,412","325,614,097",회사 본부 및 경영 컨설팅 서비스업
105840,우진,"889,463","749,163","140,300","3,056,851,605","2,746,087,225","310,764,380","측정, 시험, 항해, 제어 및 기타 정밀기기 제조업; 광학기기 제외"
034300,신세계건설,"39,675","26,854","12,821","850,362,750","561,771,650","288,591,100",건물 건설업
005389,현대차3우B,"65,313","58,005","7,308","3,741,780,400","3,455,044,800","286,735,600",-
026890,디피씨,"10,133,133","10,126,015","7,118","88,945,078,680","88,684,580,835","260,497,845","전동기, 발전기 및 전기 변환 · 공급 · 제어 장치 제조업"
007860,서연,"806,720","754,032","52,688","3,602,554,550","3,343,507,170","259,047,380",기타 금융업
037270,YG PLUS,"1,151,203","1,090,020","61,183","1,484,306,568","1,230,440,180","253,866,388","자료처리, 호스팅, 포털 및 기타 인터넷 정보매개 서비스업"
272550,삼양패키징,"90,024","75,163","14,861","1,575,083,400","1,321,982,300","253,101,100",플라스틱제품 제조업
002390,한독,"54,131","50,334","3,797","1,552,785,500","1,301,249,550","251,535,950",의약품 제조업
003560,IHQ,"303,850","146,584","157,266","475,746,678","225,353,048","250,393,630","영화, 비디오물, 방송프로그램 제작 및 배급업"
025540,한국단자,"352,115","351,559","556","11,783,908,650","11,536,028,800","247,879,850","전동기, 발전기 및 전기 변환 · 공급 · 제어 장치 제조업"
001780,알루코,"240,102","128,783","111,319","537,995,840","292,868,920","245,126,920",1차 비철금속 제조업
004720,우리들제약,"400,846","370,176","30,670","2,652,349,085","2,416,383,395","235,965,690",의약품 제조업
015860,일진홀딩스,"1,351,560","1,304,869","46,691","5,807,564,190","5,572,743,720","234,820,470",기타 금융업
005390,신성통상,"3,277,150","3,120,839","156,311","5,904,928,436","5,684,667,445","220,260,991",기타 전문 도매업
004060,SG세계물산,"2,529,857","2,243,999","285,858","1,617,227,009","1,404,502,961","212,724,048",상품 종합 도매업
012200,계양전기,"196,858","133,177","63,681","600,536,385","392,126,400","208,409,985",일반 목적용 기계 제조업
000050,경방,"226,006","204,590","21,416","2,420,239,500","2,217,450,540","202,788,960",종합 소매업
123690,한국화장품,"43,684","28,277","15,407","582,632,660","387,736,000","194,896,660",생활용품 도매업
019440,세아특수강,"46,214","29,613","16,601","458,385,840","270,319,780","188,066,060",1차 철강 제조업
155660,DSR,"189,465","144,947","44,518","751,926,205","568,302,950","183,623,255",1차 비철금속 제조업
195870,해성디에스,"275,209","282,254","-7,045","4,626,395,000","4,449,058,300","177,336,700",전자부품 제조업
003620,쌍용차,"4,036,322","3,969,856","66,466","10,717,110,040","10,552,655,985","164,454,055",자동차용 엔진 및 자동차 제조업
092780,동양피스톤,"159,306","129,389","29,917","687,381,040","527,076,660","160,304,380",자동차용 엔진 및 자동차 제조업
016880,웅진,"341,356","215,174","126,182","402,501,219","243,315,320","159,185,899",기타 금융업
006090,사조오양,"257,441","240,160","17,281","2,092,734,035","1,935,166,365","157,567,670",수산물 가공 및 저장 처리업
229640,LS전선아시아,"194,497","174,766","19,731","1,395,222,420","1,241,110,820","154,111,600",기타 금융업
001530,DI동일,"24,394","20,248","4,146","1,465,699,550","1,325,829,650","139,869,900",상품 중개업
011090,에넥스,"188,385","68,178","120,207","214,555,924","77,411,221","137,144,703",가구 제조업
000400,롯데손해보험,"732,226","659,172","73,054","1,282,279,604","1,147,766,909","134,512,695",보험업
143210,핸즈코퍼레이션,"140,767","121,587","19,180","890,881,840","756,661,925","134,219,915",자동차 신품 부품 제조업
008250,이건산업,"42,513","25,329","17,184","301,606,160","167,607,790","133,998,370",나무제품 제조업
068400,SK렌터카,"69,186","56,749","12,437","679,945,580","552,210,555","127,735,025",운송장비 임대업
005090,삼광글라스,"49,951","45,887","4,064","1,418,978,400","1,303,028,100","115,950,300",유리 및 유리제품 제조업
011150,CJ씨푸드,"1,387,790","1,361,184","26,606","5,420,680,310","5,305,129,240","115,551,070",기타 식품 제조업
014580,태경비케이,"2,769,891","2,746,535","23,356","11,047,840,560","10,935,626,075","112,214,485","시멘트, 석회, 플라스터 및 그 제품 제조업"
012610,경인양행,"3,107,165","3,086,211","20,954","25,772,066,700","25,661,133,865","110,932,835",기초 화학물질 제조업
009460,한창제지,"111,402","81,214","30,188","367,400,875","261,427,420","105,973,455","펄프, 종이 및 판지 제조업"
011690,유양디앤유,"5,067,959","5,046,033","21,926","11,264,502,845","11,161,964,370","102,538,475",반도체 제조업
111110,호전실업,"45,061","40,778","4,283","549,735,690","448,163,910","101,571,780",봉제의복 제조업
145270,케이탑리츠,"1,158,490","1,046,456","112,034","957,333,695","861,204,846","96,128,849",부동산 임대 및 공급업
234080,JW생명과학,"144,613","136,242","8,371","2,678,540,400","2,583,669,050","94,871,350",의약품 제조업
009270,신원,"180,835","121,456","59,379","276,536,635","181,797,275","94,739,360",봉제의복 제조업
007210,벽산,"192,348","141,060","51,288","335,577,144","246,855,790","88,721,354",기타 비금속 광물제품 제조업
014710,사조씨푸드,"520,119","502,827","17,292","1,926,407,600","1,838,586,420","87,821,180",수산물 가공 및 저장 처리업
000850,화천기공,"9,391","6,844","2,547","326,574,850","240,221,450","86,353,400",특수 목적용 기계 제조업
006490,인스코비,"107,695","73,511","34,184","271,861,050","190,467,555","81,393,495",전기 통신업
272450,진에어,"575,888","688,768","-112,880","7,295,649,990","7,218,077,660","77,572,330",항공 여객 운송업
298050,효성첨단소재,"53,084","57,047","-3,963","4,799,249,700","4,722,455,850","76,793,850",화학섬유 제조업
014990,인디에프,"244,671","205,312","39,359","576,150,592","504,768,428","71,382,164",봉제의복 제조업
001440,대한전선,"988,330","822,250","166,080","606,417,474","539,901,584","66,515,890",절연선 및 케이블 제조업
017390,서울가스,"4,073","3,089","984","285,691,000","220,580,600","65,110,400",연료용 가스 제조 및 배관공급업
005110,한창,"342,464","327,063","15,401","851,611,070","787,081,170","64,529,900",기계장비 및 관련 물품 도매업
047400,유니온머티리얼,"12,298,395","12,278,292","20,103","42,865,788,292","42,802,828,683","62,959,609","내화, 비내화 요업제품 제조업"
002070,남영비비안,"950,653","959,103","-8,450","1,357,795,241","1,296,182,972","61,612,269",봉제의복 제조업
002760,보락,"61,183","20,824","40,359","98,993,570","40,840,550","58,153,020",기타 화학제품 제조업
004770,써니전자,"59,325","51,880","7,445","256,663,390","198,645,780","58,017,610",반도체 제조업
009810,엔케이물산,"6,526,028","6,468,517","57,511","4,987,275,440","4,931,325,716","55,949,724",기타 전문 도매업
214390,경보제약,"227,734","222,154","5,580","1,721,005,050","1,665,588,260","55,416,790",기초 의약물질 및 생물학적 제제 제조업
010690,화신,"201,877","185,106","16,771","530,071,735","475,641,750","54,429,985",자동차 신품 부품 제조업
003070,코오롱글로벌,"277,929","252,512","25,417","2,385,702,330","2,333,406,470","52,295,860",토목 건설업
001460,BYC,"6,866","6,900","-34","1,349,241,500","1,297,786,000","51,455,500",봉제의복 제조업
024890,대원화성,"126,014","96,873","29,141","167,752,745","117,013,012","50,739,733",플라스틱제품 제조업
002630,오리엔트바이오,"1,638,243","1,572,779","65,464","695,688,999","645,232,898","50,456,101",의약품 제조업
006110,삼아알미늄,"171,373","158,287","13,086","699,863,585","650,913,115","48,950,470",1차 비철금속 제조업
010040,한국내화,"447,485","430,628","16,857","1,479,869,360","1,431,392,730","48,476,630","내화, 비내화 요업제품 제조업"
025560,미래산업,"1,873,094","1,497,081","376,013","189,827,965","142,313,754","47,514,211","측정, 시험, 항해, 제어 및 기타 정밀기기 제조업; 광학기기 제외"
035000,지투알,"95,961","94,723","1,238","521,314,335","474,051,910","47,262,425",회사 본부 및 경영 컨설팅 서비스업
006980,우성사료,"4,653,036","4,649,528","3,508","15,506,007,415","15,458,997,800","47,009,615","곡물가공품, 전분 및 전분제품 제조업"
119650,KC코트렐,"342,525","336,645","5,880","1,778,739,125","1,734,386,185","44,352,940",일반 목적용 기계 제조업
002710,TCC스틸,"424,830","406,600","18,230","998,108,840","955,856,555","42,252,285",1차 철강 제조업
102460,이연제약,"23,830","20,288","3,542","298,409,950","259,393,240","39,016,710",의약품 제조업
000547,흥국화재2우B,"39,063","37,923","1,140","917,943,600","880,577,550","37,366,050",-
032560,황금에스티,"171,253","165,244","6,009","962,827,060","925,580,315","37,246,745",1차 비철금속 제조업
001560,제일연마,"27,941","21,914","6,027","172,586,805","135,566,800","37,020,005",기타 비금속 광물제품 제조업
017040,광명전기,"62,276","42,215","20,061","117,176,760","81,589,310","35,587,450","전동기, 발전기 및 전기 변환 · 공급 · 제어 장치 제조업"
037560,LG헬로비전,"348,098","335,269","12,829","1,479,155,290","1,445,402,240","33,753,050",텔레비전 방송업
001070,대한방직,"64,641","64,221","420","1,317,159,150","1,283,411,900","33,747,250",직물직조 및 직물제품 제조업
006125,SK디스커버리우,"184,197","180,660","3,537","3,695,596,690","3,662,324,810","33,271,880",-
085310,엔케이,"94,873","64,077","30,796","104,600,431","72,452,848","32,147,583","구조용 금속제품, 탱크 및 증기발생기 제조업"
001750,한양증권,"177,140","176,524","616","1,246,236,885","1,217,701,765","28,535,120",금융 지원 서비스업
004540,깨끗한나라,"741,947","727,113","14,834","2,639,414,705","2,611,129,965","28,284,740","펄프, 종이 및 판지 제조업"
044380,주연테크,"829,533","784,719","44,814","603,055,750","575,439,129","27,616,621",컴퓨터 및 주변장치 제조업
249420,일동제약,"59,275","60,147","-872","870,878,060","843,956,160","26,921,900",의약품 제조업
00499K,롯데지주우,"1,211","874","337","84,009,900","61,734,600","22,275,300",-
002995,금호산업우,"70,168","70,096","72","2,019,207,050","1,997,773,650","21,433,400",-
011155,CJ씨푸드1우,"38,474","38,863","-389","1,589,460,600","1,568,768,350","20,692,250",-
096300,베트남개발1,"199,804","137,046","62,758","61,728,946","41,182,541","20,546,405",신탁업 및 집합투자업
306200,세아제강,"22,600","22,154","446","1,064,257,100","1,046,429,100","17,828,000",1차 철강 제조업
001770,신화실업,"22,667","21,918","749","453,579,450","435,765,200","17,814,250",1차 철강 제조업
003475,유안타증권우,"178,272","178,272","0","441,779,875","424,133,075","17,646,800",-
010600,웰바이오텍,"2,311,602","2,310,904","698","5,653,634,325","5,636,687,965","16,946,360",상품 중개업
092440,기신정기,"38,376","33,423","4,953","127,638,770","111,497,000","16,141,770",특수 목적용 기계 제조업
008700,아남전자,"65,729","58,195","7,534","120,425,171","104,424,982","16,000,189",영상 및 음향기기 제조업
004985,성신양회우,"379,009","379,196","-187","3,106,536,070","3,091,026,440","15,509,630",-
003780,진양산업,"684,386","681,626","2,760","2,320,192,855","2,304,893,360","15,299,495",플라스틱제품 제조업
004565,현대비앤지스틸우,"22,803","22,803","0","1,886,332,750","1,871,297,350","15,035,400",-
009320,대우부품,"37,189","30,958","6,231","88,466,495","73,886,290","14,580,205",자동차 신품 부품 제조업
016090,대현,"135,330","121,380","13,950","252,255,935","238,226,030","14,029,905",봉제의복 제조업
103590,일진전기,"119,883","114,292","5,591","302,470,555","288,552,930","13,917,625",절연선 및 케이블 제조업
002787,진흥기업2우B,"23,103","23,103","0","432,384,900","418,482,550","13,902,350",-
214420,토니모리,"238,240","238,207","33","2,580,231,170","2,567,104,380","13,126,790",기타 화학제품 제조업
090080,평화산업,"1,952,463","1,936,291","16,172","1,798,679,186","1,785,822,591","12,856,595",자동차 신품 부품 제조업
099350,하나니켈2호,"718,979","697,338","21,641","1,095,907,950","1,083,572,755","12,335,195",신탁업 및 집합투자업
033250,체시스,"711,999","695,536","16,463","1,689,226,660","1,677,323,360","11,903,300",자동차 신품 부품 제조업
089470,HDC현대EP,"196,722","191,674","5,048","758,824,590","747,166,660","11,657,930",기타 화학제품 제조업
004450,삼화왕관,"1,045","737","308","42,379,550","30,811,550","11,568,000",기타 금속 가공제품 제조업
00806K,대덕1우,"238,198","238,340","-142","1,370,962,665","1,359,454,430","11,508,235",-
103130,웅진에너지,"54,813","1,178","53,635","11,796,787","344,390","11,452,397",반도체 제조업
001140,국보,"5,248,796","5,253,968","-5,172","11,360,068,108","11,350,260,599","9,807,509",도로 화물 운송업
014160,대영포장,"464,376","452,336","12,040","481,260,558","471,873,290","9,387,268","골판지, 종이 상자 및 종이용기 제조업"
003720,삼영화학,"339,322","332,834","6,488","325,830,144","316,471,184","9,358,960",플라스틱제품 제조업
084680,이월드,"180,071","187,837","-7,766","814,032,395","805,815,325","8,217,070",유원지 및 기타 오락관련 서비스업
024070,WISCOM,"43,060","39,001","4,059","99,562,975","91,358,270","8,204,705",플라스틱제품 제조업
000500,가온전선,"7,770","7,449","321","135,654,800","128,016,100","7,638,700",절연선 및 케이블 제조업
011300,성안,"694,099","677,391","16,708","353,387,108","346,027,804","7,359,304",직물직조 및 직물제품 제조업
006345,대원전선우,"629,758","629,966","-208","1,629,901,495","1,622,738,460","7,163,035",-
000075,삼양홀딩스우,"354","162","192","12,144,550","5,190,550","6,954,000",-
023800,인지컨트롤스,"387,828","387,707","121","1,482,202,755","1,475,311,940","6,890,815",자동차 신품 부품 제조업
019490,하이트론,"118,601","118,478","123","387,690,165","381,213,710","6,476,455",영상 및 음향기기 제조업
018500,동원금속,"1,832,039","1,834,647","-2,608","1,660,090,266","1,654,863,482","5,226,784",자동차 신품 부품 제조업
000650,천일고속,"4,294","4,286","8","336,504,450","331,766,750","4,737,700",육상 여객 운송업
000545,흥국화재우,"223,470","222,987","483","1,418,064,045","1,413,829,130","4,234,915",-
001210,금호전기,"280,859","284,012","-3,153","951,266,860","947,084,915","4,181,945",전구 및 조명장치 제조업
129260,인터지스,"577,276","578,319","-1,043","775,764,098","771,641,984","4,122,114",도로 화물 운송업
049800,우진플라임,"211,428","211,548","-120","674,898,160","670,918,630","3,979,530",특수 목적용 기계 제조업
072130,유엔젤,"267,924","267,337","587","1,102,801,640","1,099,208,710","3,592,930","자료처리, 호스팅, 포털 및 기타 인터넷 정보매개 서비스업"
039570,HDC아이콘트롤스,"197,319","203,551","-6,232","1,440,520,000","1,437,012,290","3,507,710",전기 및 통신 공사업
002785,진흥기업우B,"139,713","140,117","-404","865,671,840","862,490,245","3,181,595",-
012205,계양전기우,"645,416","647,216","-1,800","5,030,089,980","5,027,407,940","2,682,040",-
204210,모두투어리츠,"22,195","21,607","588","60,644,765","58,347,210","2,297,555",부동산 임대 및 공급업
025820,이구산업,"99,474","98,297","1,177","138,159,031","136,026,970","2,132,061",1차 비철금속 제조업
145210,세화아이엠씨,"12,114","12,125","-11","21,668,680","19,591,925","2,076,755",특수 목적용 기계 제조업
003610,방림,"238,296","241,202","-2,906","447,087,380","445,403,735","1,683,645",직물직조 및 직물제품 제조업
001380,SG충방,"54,514","53,705","809","79,959,861","78,286,729","1,673,132",자동차 신품 부품 제조업
005965,동부건설우,"13,306","13,306","0","363,403,300","361,967,900","1,435,400",-
014915,성문전자우,"55,283","55,225","58","650,392,130","649,029,760","1,362,370",-
069460,대호에이엘,"507,658","507,229","429","1,313,747,340","1,312,402,955","1,344,385",1차 비철금속 제조업
001065,JW중외제약우,"16,866","16,866","0","975,415,450","974,287,600","1,127,850",-
18064K,한진칼우,"136,081","136,394","-313","6,519,597,150","6,518,595,550","1,001,600",-
168490,한국패러랠,"1,774","1,300","474","3,535,815","2,556,045","979,770",신탁업 및 집합투자업
005745,크라운해태홀딩스우,"32,838","32,838","0","326,888,320","326,007,500","880,820",-
005030,부산주공,"649,775","647,871","1,904","227,902,352","227,037,262","865,090",자동차 신품 부품 제조업
007280,한국특수형강,"243,391","242,885","506","339,336,554","338,556,398","780,156",1차 철강 제조업
000995,DB하이텍1우,"100","100","0","5,720,000","5,300,000","420,000",-
012280,영화금속,"513,056","512,856","200","802,180,732","801,767,832","412,900",자동차 신품 부품 제조업
025890,한국주강,"111,880","111,879","1","152,902,316","152,562,066","340,250",특수 목적용 기계 제조업
018470,조일알미늄,"875,502","876,109","-607","542,902,741","542,631,504","271,237",1차 비철금속 제조업
010770,평화홀딩스,"123,891","124,340","-449","413,963,520","413,802,995","160,525",자동차 신품 부품 제조업
016385,KG동부제철우,"1","0","1","65,500","0","65,500",-
005450,신한,"4","3","1","2,800","4,470","-1,670",건물 건설업
009310,참엔지니어링,"191,255","190,996","259","250,022,159","250,072,909","-50,750",특수 목적용 기계 제조업
002600,조흥,"1,079","1,079","0","188,263,000","188,410,500","-147,500",기타 식품 제조업
008500,일정실업,"138","145","-7","1,687,650","1,841,660","-154,010",편조원단 제조업
003075,코오롱글로벌우,"27,258","27,258","0","529,512,200","529,681,850","-169,650",-
900140,엘브이엠씨홀딩스,"137,762","137,762","0","600,074,550","600,332,365","-257,815",자동차 판매업
007540,샘표,"10,442","10,271","171","406,489,900","406,971,100","-481,200",기타 금융업
009140,경인전자,"206","225","-19","3,552,200","4,037,450","-485,250",전자부품 제조업
002450,삼익악기,"26,992","27,442","-450","40,913,888","41,573,374","-659,486",악기 제조업
011420,갤럭시아에스엠,"136,357","136,877","-520","234,378,006","235,085,436","-707,430",스포츠 서비스업
001620,케이비아이동국실업,"623,399","625,567","-2,168","387,268,747","387,980,561","-711,814",자동차 신품 부품 제조업
090355,노루페인트우,"51,522","51,522","0","778,321,320","779,137,490","-816,170",-
001799,대한제당3우B,"0","60","-60","0","1,440,000","-1,440,000",-
083380,동북아13호,"81","410","-329","406,310","2,078,700","-1,672,390",운송장비 임대업
005725,넥센우,"202","695","-493","477,980","2,158,275","-1,680,295",-
084870,TBH글로벌,"316,021","316,751","-730","626,860,942","628,673,504","-1,812,562",봉제의복 제조업
004255,NPC우,"0","806","-806","0","1,849,820","-1,849,820",-
014910,성문전자,"175,713","177,635","-1,922","358,368,580","360,301,365","-1,932,785",전자부품 제조업
007120,미래아이앤지,"490,972","496,527","-5,555","170,733,046","172,800,485","-2,067,439","컴퓨터 프로그래밍, 시스템 통합 및 관리업"
109070,컨버즈,"38,140","65,441","-27,301","171,652,330","173,720,140","-2,067,810","골판지, 종이 상자 및 종이용기 제조업"
012800,대창,"268,654","271,540","-2,886","257,252,079","259,338,314","-2,086,235",1차 비철금속 제조업
003580,넥스트사이언스,"323,347","323,777","-430","2,156,983,980","2,159,084,500","-2,100,520",기타 비금속광물 광업
004920,씨아이테크,"765,249","759,978","5,271","420,263,434","422,407,337","-2,143,903",그외 기타 제품 제조업
000760,이화산업,"1,164","1,342","-178","15,143,550","17,762,450","-2,618,900",기타 전문 도매업
123700,SJM,"68,058","68,818","-760","180,871,165","183,664,655","-2,793,490",자동차 신품 부품 제조업
006660,삼성공조,"70,037","70,623","-586","471,680,660","474,594,470","-2,913,810",자동차 신품 부품 제조업
011390,부산산업,"18,989","18,837","152","2,346,493,700","2,349,810,000","-3,316,300","시멘트, 석회, 플라스터 및 그 제품 제조업"
000225,유유제약1우,"114,177","115,079","-902","976,419,910","980,098,290","-3,678,380",-
000220,유유제약,"24,198","25,339","-1,141","288,536,960","292,283,800","-3,746,840",의약품 제조업
004080,신흥,"19,348","19,759","-411","177,949,860","181,744,600","-3,794,740",기계장비 및 관련 물품 도매업
000145,하이트진로홀딩스우,"0","252","-252","0","3,969,000","-3,969,000",-
083370,동북아12호,"111","938","-827","558,280","4,718,260","-4,159,980",운송장비 임대업
005010,휴스틸,"1,246","1,727","-481","8,595,580","12,786,630","-4,191,050",1차 철강 제조업
001080,만호제강,"21,084","21,122","-38","270,970,950","275,162,250","-4,191,300",1차 철강 제조업
008110,대동전자,"80,662","82,239","-1,577","322,774,850","327,710,210","-4,935,360",통신 및 방송 장비 제조업
012600,청호컴넷,"106,194","105,814","380","296,939,715","301,948,250","-5,008,535",일반 목적용 기계 제조업
006200,한국전자홀딩스,"205,256","210,740","-5,484","124,639,434","129,967,540","-5,328,106",기타 금융업
015260,에이엔피,"633,003","664,949","-31,946","190,251,720","195,617,236","-5,365,516",전자부품 제조업
001529,동양3우B,"0","253","-253","0","5,464,850","-5,464,850",-
002140,고려산업,"755,326","733,731","21,595","2,387,408,085","2,392,920,135","-5,512,050","곡물가공품, 전분 및 전분제품 제조업"
058860,KTis,"205,479","207,852","-2,373","404,073,135","409,704,465","-5,631,330",기타 정보 서비스업
004830,덕성,"856,932","855,816","1,116","3,209,798,155","3,215,780,050","-5,981,895",플라스틱제품 제조업
017900,광전자,"73,835","77,059","-3,224","134,507,420","140,676,750","-6,169,330",반도체 제조업
014440,영보화학,"40,804","43,892","-3,088","109,370,330","115,621,600","-6,251,270",플라스틱제품 제조업
008040,사조동아원,"1,717,108","1,725,438","-8,330","1,528,912,388","1,535,432,359","-6,519,971","곡물가공품, 전분 및 전분제품 제조업"
002920,유성기업,"47,459","50,098","-2,639","112,433,935","119,263,155","-6,829,220",자동차 신품 부품 제조업
134380,미원화학,"326","459","-133","14,639,950","21,529,500","-6,889,550",기타 화학제품 제조업
35320K,대덕전자1우,"25,077","25,157","-80","170,314,180","177,475,640","-7,161,460",-
011500,한농화성,"67,137","68,554","-1,417","297,871,515","305,056,425","-7,184,910",기타 화학제품 제조업
011700,한신기계,"55,190","61,286","-6,096","64,517,694","71,747,059","-7,229,365",일반 목적용 기계 제조업
009440,KC그린홀딩스,"92,219","94,143","-1,924","379,968,570","387,319,490","-7,350,920",기타 금융업
005810,풍산홀딩스,"20,106","22,258","-2,152","564,060,050","571,720,050","-7,660,000",기타 금융업
007815,코리아써우,"19","2,381","-2,362","81,320","7,928,065","-7,846,745",-
092220,KEC,"21,263","29,505","-8,242","17,172,530","25,527,210","-8,354,680",반도체 제조업
000890,보해양조,"43,368","58,917","-15,549","38,566,274","46,957,131","-8,390,857",알코올음료 제조업
000430,대원강업,"62,827","65,384","-2,557","201,490,690","210,479,260","-8,988,570",자동차 신품 부품 제조업
108675,LG하우시스우,"13,993","15,121","-1,128","377,946,300","387,088,900","-9,142,600",-
004545,깨끗한나라우,"101,518","101,515","3","2,410,828,400","2,420,054,750","-9,226,350",-
003925,남양유업우,"3,234","3,377","-143","560,291,000","569,698,700","-9,407,700",-
003830,대한화섬,"585","728","-143","39,917,500","49,413,800","-9,496,300",화학섬유 제조업
023450,동남합성,"904","1,250","-346","24,039,900","33,708,500","-9,668,600",기초 화학물질 제조업
001020,페이퍼코리아,"643,410","644,758","-1,348","525,571,682","535,260,166","-9,688,484","펄프, 종이 및 판지 제조업"
025750,한솔홈데코,"16,255","25,432","-9,177","15,005,168","24,907,553","-9,902,385",제재 및 목재 가공업
010580,지코,"2,104,357","2,102,549","1,808","942,411,387","952,407,655","-9,996,268",자동차 신품 부품 제조업
026940,부국철강,"589,685","591,779","-2,094","2,190,851,540","2,201,037,090","-10,185,550",1차 철강 제조업
210540,디와이파워,"81,213","105,958","-24,745","812,392,620","822,674,350","-10,281,730",특수 목적용 기계 제조업
077970,STX엔진,"176,186","178,215","-2,029","967,442,965","978,418,535","-10,975,570",일반 목적용 기계 제조업
101140,비티원,"730,106","733,913","-3,807","2,141,424,195","2,152,510,990","-11,086,795",생활용품 도매업
014790,한라,"211,010","215,792","-4,782","576,208,000","587,390,505","-11,182,505",토목 건설업
013360,일성건설,"1,474,120","1,482,277","-8,157","1,195,484,124","1,206,794,031","-11,309,907",토목 건설업
012160,영흥,"118,315","125,135","-6,820","127,754,290","139,080,167","-11,325,877",1차 철강 제조업
071970,STX중공업,"770,371","778,706","-8,335","1,937,730,415","1,949,110,570","-11,380,155",일반 목적용 기계 제조업
005740,크라운해태홀딩스,"3,382","4,917","-1,535","30,369,730","41,927,430","-11,557,700",기타 금융업
00781K,코리아써키트2우B,"0","2,386","-2,386","0","11,589,655","-11,589,655",-
014825,동원시스템즈우,"0","402","-402","0","11,994,150","-11,994,150",-
005360,모나미,"1,373,926","1,368,179","5,747","6,121,412,300","6,133,471,660","-12,059,360",생활용품 도매업
163560,동일고무벨트,"125,170","126,178","-1,008","873,429,625","885,724,475","-12,294,850",고무제품 제조업
005800,신영와코루,"610","786","-176","47,953,600","61,146,700","-13,193,100",봉제의복 제조업
013700,까뮤이앤씨,"226,222","235,557","-9,335","283,316,739","296,632,235","-13,315,496",건물 건설업
000370,한화손해보험,"235,092","244,867","-9,775","575,282,214","588,890,495","-13,608,281",보험업
002840,미원상사,"1,289","1,462","-173","79,979,200","93,995,300","-14,016,100",기타 화학제품 제조업
004415,서울식품우,"521,916","522,784","-868","2,151,272,735","2,165,458,215","-14,185,480",-
014130,한익스프레스,"590,784","596,018","-5,234","2,959,457,960","2,973,780,705","-14,322,745",도로 화물 운송업
001250,GS글로벌,"43,294","51,044","-7,750","73,246,283","87,687,965","-14,441,682",상품 종합 도매업
001745,SK네트웍스우,"1,435","1,648","-213","182,615,600","197,449,100","-14,833,500",-
002880,대유에이텍,"41,575","64,978","-23,403","30,875,044","45,731,935","-14,856,891",자동차 신품 부품 제조업
33626K,두산퓨얼셀1우,"387,923","389,319","-1,396","2,874,733,340","2,889,654,550","-14,921,210",-
001527,동양2우B,"3,025","4,884","-1,859","43,544,050","58,585,850","-15,041,800",-
093240,형지엘리트,"210,762","212,625","-1,863","254,095,206","269,167,241","-15,072,035",봉제의복 제조업
001550,조비,"11,177","11,515","-338","172,128,080","187,211,500","-15,083,420","비료, 농약 및 살균, 살충제 제조업"
033920,무학,"113,757","115,776","-2,019","639,245,470","654,356,435","-15,110,965",알코올음료 제조업
031820,콤텍시스템,"56,208","66,662","-10,454","76,102,093","91,923,068","-15,820,975","컴퓨터 프로그래밍, 시스템 통합 및 관리업"
008870,금비,"10,224","10,287","-63","630,128,950","646,047,950","-15,919,000",유리 및 유리제품 제조업
005750,대림B&Co,"253,807","258,941","-5,134","845,302,830","862,157,090","-16,854,260","내화, 비내화 요업제품 제조업"
006370,대구백화점,"34,397","34,886","-489","185,466,700","202,514,130","-17,047,430",종합 소매업
007110,일신석재,"52,353","56,957","-4,604","111,573,060","128,623,390","-17,050,330","건축자재, 철물 및 난방장치 도매업"
007610,선도전기,"242,816","250,575","-7,759","605,226,230","622,350,230","-17,124,000","전동기, 발전기 및 전기 변환 · 공급 · 제어 장치 제조업"
134790,시디즈,"18,567","19,048","-481","720,392,850","737,742,650","-17,349,800",가구 제조업
226320,잇츠한불,"33,780","32,960","820","517,348,500","534,816,930","-17,468,430",기타 화학제품 제조업
003120,일성신약,"11,343","11,468","-125","980,594,600","998,232,600","-17,638,000",의약품 제조업
002220,한일철강,"91,195","101,692","-10,497","149,504,235","167,170,035","-17,665,800",1차 철강 제조업
264900,크라운제과,"87,766","92,777","-5,011","725,439,800","743,131,270","-17,691,470",기타 식품 제조업
004105,태양금속우,"358,973","358,973","0","1,258,212,390","1,275,985,965","-17,773,575",-
010420,한솔PNS,"175,152","185,095","-9,943","291,415,516","309,713,238","-18,297,722",기타 전문 도매업
091090,세원셀론텍,"295,717","301,903","-6,186","742,135,385","760,487,845","-18,352,460","구조용 금속제품, 탱크 및 증기발생기 제조업"
071090,하이스틸,"30,903","32,066","-1,163","508,714,600","527,211,500","-18,496,900",1차 철강 제조업
008260,NI스틸,"137,640","143,054","-5,414","277,460,565","296,067,080","-18,606,515",1차 철강 제조업
005680,삼영전자,"91,482","93,934","-2,452","690,029,820","709,661,880","-19,632,060",전자부품 제조업
003160,디아이,"481,711","486,996","-5,285","1,674,149,575","1,694,164,475","-20,014,900","측정, 시험, 항해, 제어 및 기타 정밀기기 제조업; 광학기기 제외"
000680,LS네트웍스,"415,066","418,090","-3,024","997,510,585","1,017,531,080","-20,020,495",상품 종합 도매업
069640,한세엠케이,"82,069","90,241","-8,172","273,561,530","293,774,500","-20,212,970","섬유, 의복, 신발 및 가죽제품 소매업"
025530,SJM홀딩스,"33,388","39,965","-6,577","92,897,785","113,181,160","-20,283,375",자동차 부품 및 내장품 판매업
138490,코오롱플라스틱,"343,346","347,622","-4,276","1,237,391,490","1,257,894,485","-20,502,995",합성고무 및 플라스틱 물질 제조업
093230,이아이디,"171,089","289,936","-118,847","38,369,556","59,283,366","-20,913,810",기타 전문 도매업
004870,티웨이홀딩스,"67,062","84,925","-17,863","90,619,567","111,610,857","-20,991,290","시멘트, 석회, 플라스터 및 그 제품 제조업"
002355,넥센타이어1우B,"34,368","53,895","-19,527","85,566,125","106,627,175","-21,061,050",-
023150,MH에탄올,"364,646","367,246","-2,600","3,589,190,620","3,610,665,890","-21,475,270",알코올음료 제조업
023960,에쓰씨엔지니어링,"547,909","572,745","-24,836","586,216,403","607,970,722","-21,754,319",토목 건설업
069730,DSR제강,"451,892","458,295","-6,403","1,661,296,875","1,683,450,155","-22,153,280",1차 철강 제조업
014285,금강공업우,"136,375","139,647","-3,272","1,378,291,660","1,401,071,020","-22,779,360",-
004700,조광피혁,"13,514","13,936","-422","546,822,200","569,690,600","-22,868,400","가죽, 가방 및 유사제품 제조업"
001067,JW중외제약2우B,"5,025","5,499","-474","254,424,900","277,542,700","-23,117,800",-
007575,일양약품우,"1,158","2,300","-1,142","29,284,900","53,664,150","-24,379,250",-
144620,코오롱머티리얼,"446,748","450,200","-3,452","790,543,139","815,486,627","-24,943,488",화학섬유 제조업
027740,마니커,"1,152,293","1,193,744","-41,451","1,042,802,667","1,067,944,137","-25,141,470","도축, 육류 가공 및 저장 처리업"
005820,원림,"11,191","12,842","-1,651","184,678,950","211,069,150","-26,390,200",직물직조 및 직물제품 제조업
008970,동양철관,"23,610","51,851","-28,241","22,589,995","49,996,277","-27,406,282",1차 철강 제조업
002780,진흥기업,"176,653","189,324","-12,671","376,947,025","404,756,225","-27,809,200",토목 건설업
010100,한국프랜지,"281,603","289,381","-7,778","565,100,345","593,628,245","-28,527,900",자동차 신품 부품 제조업
010660,화천기계,"8,305,399","8,342,953","-37,554","27,971,821,390","28,000,426,335","-28,604,945",특수 목적용 기계 제조업
33637L,두산솔루스2우B,"44,500","44,500","0","1,438,147,700","1,466,828,850","-28,681,150",-
200880,서연이화,"404,657","417,618","-12,961","1,430,873,520","1,460,731,640","-29,858,120",자동차 신품 부품 제조업
007160,사조산업,"111,283","113,814","-2,531","3,328,351,950","3,358,399,800","-30,047,850",어로 어업
001755,한양증권우,"40,716","40,479","237","635,573,460","666,252,520","-30,679,060",-
001470,삼부토건,"1,892,774","1,938,798","-46,024","1,145,356,692","1,176,452,169","-31,095,477",토목 건설업
070960,용평리조트,"87,922","92,053","-4,131","392,971,245","424,128,675","-31,157,430",일반 및 생활 숙박시설 운영업
000087,하이트진로2우B,"10,080","11,609","-1,529","198,405,600","229,653,000","-31,247,400",-
010640,진양폴리,"460,292","469,259","-8,967","1,546,699,675","1,578,496,620","-31,796,945",플라스틱제품 제조업
33626L,두산퓨얼셀2우B,"114,198","113,156","1,042","1,852,481,475","1,885,762,920","-33,281,445",-
004710,한솔테크닉스,"149,766","149,483","283","1,058,183,795","1,091,852,875","-33,669,080",전자부품 제조업
001465,BYC우,"245","614","-369","30,639,500","65,321,400","-34,681,900",-
100220,비상교육,"274,888","275,837","-949","2,226,217,810","2,261,130,120","-34,912,310","서적, 잡지 및 기타 인쇄물 출판업"
001420,태원물산,"262,044","273,153","-11,109","905,206,300","940,191,725","-34,985,425",자동차 신품 부품 제조업
017550,수산중공업,"95,751","139,174","-43,423","154,240,775","189,616,296","-35,375,521",특수 목적용 기계 제조업
002620,제일파마홀딩스,"157,212","158,195","-983","3,027,023,970","3,062,905,370","-35,881,400",회사 본부 및 경영 컨설팅 서비스업
000020,동화약품,"4,556,241","4,559,180","-2,939","60,027,788,190","60,066,111,515","-38,323,325",의약품 제조업
001275,부국증권우,"118","2,329","-2,211","2,053,200","42,264,700","-40,211,500",-
001685,대상우,"0","3,674","-3,674","0","40,226,770","-40,226,770",-
034590,인천도시가스,"5,891","7,646","-1,755","149,213,200","189,566,050","-40,352,850",연료용 가스 제조 및 배관공급업
013000,세우글로벌,"9,988","31,257","-21,269","18,483,910","60,184,665","-41,700,755",기타 전문 도매업
003480,한진중공업홀딩스,"611,708","625,455","-13,747","1,721,458,405","1,763,372,310","-41,913,905",연료용 가스 제조 및 배관공급업
000490,대동공업,"800,461","810,893","-10,432","4,173,656,075","4,215,678,520","-42,022,445",특수 목적용 기계 제조업
009275,신원우,"12,361","13,444","-1,083","439,860,600","482,319,600","-42,459,000",-
002020,코오롱,"62,225","56,033","6,192","1,105,332,150","1,147,986,490","-42,654,340",기타 금융업
000885,한화우,"60,669","61,301","-632","2,709,341,000","2,752,132,650","-42,791,650",-
101530,해태제과식품,"169,550","175,525","-5,975","1,226,224,245","1,269,357,805","-43,133,560",기타 식품 제조업
007590,동방아그로,"115,993","123,346","-7,353","719,217,330","762,665,610","-43,448,280","비료, 농약 및 살균, 살충제 제조업"
000725,현대건설우,"4,421","4,671","-250","585,398,900","630,014,700","-44,615,800",-
015020,이스타코,"773,942","849,902","-75,960","562,873,215","608,712,199","-45,838,984",부동산 임대 및 공급업
128820,대성산업,"1,125,584","1,137,899","-12,315","3,759,249,440","3,805,091,890","-45,842,450",연료 소매업
002420,세기상사,"25,419","26,087","-668","1,397,415,000","1,443,400,650","-45,985,650","영화, 비디오물, 방송프로그램 제작 및 배급업"
102280,쌍방울,"286,698","298,727","-12,029","339,630,798","387,730,978","-48,100,180",봉제의복 제조업
001340,백광산업,"369,900","371,515","-1,615","1,177,585,495","1,226,184,205","-48,598,710",기초 화학물질 제조업
009160,SIMPAC,"177,537","199,492","-21,955","469,559,940","518,459,410","-48,899,470",특수 목적용 기계 제조업
006220,제주은행,"60,602","87,215","-26,613","195,360,640","244,310,855","-48,950,215",은행 및 저축기관
003960,사조대림,"39,066","42,927","-3,861","433,494,510","482,914,770","-49,420,260",수산물 가공 및 저장 처리업
000590,CS홀딩스,"10,344","10,864","-520","670,897,650","720,766,100","-49,868,450",기타 금융업
004090,한국석유,"32,424","32,953","-529","2,730,257,700","2,780,375,900","-50,118,200",기타 비금속 광물제품 제조업
002025,코오롱우,"2,300","7,958","-5,658","25,185,680","75,393,250","-50,207,570",-
008420,문배철강,"398,554","400,090","-1,536","967,735,305","1,018,489,150","-50,753,845",1차 철강 제조업
067830,세이브존I&C,"62,261","84,054","-21,793","148,316,700","199,159,475","-50,842,775",종합 소매업
023810,인팩,"37,228","52,410","-15,182","146,809,915","199,802,215","-52,992,300",자동차 신품 부품 제조업
084695,대상홀딩스우,"500","9,566","-9,066","3,000,000","57,028,130","-54,028,130",-
010050,우리종금,"560,284","603,037","-42,753","296,991,722","353,340,297","-56,348,575",기타 금융업
000950,전방,"44,854","44,858","-4","894,246,810","951,469,420","-57,222,610",방적 및 가공사 제조업
004840,DRB동일,"145,417","157,348","-11,931","844,996,675","907,038,755","-62,042,080",기타 금융업
004970,신라교역,"80,803","88,629","-7,826","769,168,580","831,804,260","-62,635,680",어로 어업
020120,키다리스튜디오,"323,239","330,942","-7,703","1,764,138,795","1,826,849,150","-62,710,355","자료처리, 호스팅, 포털 및 기타 인터넷 정보매개 서비스업"
338100,NH프라임리츠,"1,114,620","1,171,946","-57,326","5,586,115,660","5,649,935,330","-63,819,670",부동산 임대 및 공급업
005500,삼진제약,"59,409","60,811","-1,402","1,526,079,650","1,591,042,550","-64,962,900",의약품 제조업
002360,SH에너지화학,"388,433","397,873","-9,440","291,196,611","357,443,167","-66,246,556",기초 화학물질 제조업
009200,무림페이퍼,"98,264","125,047","-26,783","240,152,710","307,469,095","-67,316,385","펄프, 종이 및 판지 제조업"
001290,상상인증권,"235,994","295,412","-59,418","248,143,792","315,600,712","-67,456,920",금융 지원 서비스업
007810,코리아써키트,"338,438","361,090","-22,652","3,766,744,290","3,835,677,640","-68,933,350",전자부품 제조업
155900,바다로19호,"67,275","95,238","-27,963","181,552,880","253,400,745","-71,847,865",운송장비 임대업
071950,코아스,"6,281","71,234","-64,953","6,619,477","78,509,803","-71,890,326",가구 제조업
03473K,SK우,"16,207","16,290","-83","4,948,887,400","5,022,293,600","-73,406,200",-
26490K,크라운제과우,"62,623","70,297","-7,674","449,947,140","523,745,385","-73,798,245",-
001795,대한제당우,"2,498","8,328","-5,830","30,193,250","104,159,340","-73,966,090",-
004835,덕성우,"485,210","485,507","-297","3,817,753,395","3,894,773,235","-77,019,840",-
013570,디와이,"217,743","246,971","-29,228","922,451,835","999,872,635","-77,420,800",기타 금융업
001260,남광토건,"60,053","67,951","-7,898","825,274,740","903,354,970","-78,080,230",토목 건설업
192820,코스맥스,"995,477","1,008,227","-12,750","82,779,215,500","82,857,554,800","-78,339,300",기타 화학제품 제조업
268280,미원에스씨,"10,664","11,631","-967","790,825,200","869,268,200","-78,443,000",기초 화학물질 제조업
024900,덕양산업,"49,092","125,680","-76,588","70,982,205","149,784,744","-78,802,539",자동차 신품 부품 제조업
074610,이엔플러스,"5,107,397","5,126,883","-19,486","32,110,329,685","32,190,701,220","-80,371,535",일반 목적용 기계 제조업
152550,한국ANKOR유전,"1,445","47,625","-46,180","2,489,895","83,173,555","-80,683,660",신탁업 및 집합투자업
117580,대성에너지,"26,010","42,574","-16,564","125,335,435","208,404,335","-83,068,900",연료용 가스 제조 및 배관공급업
002410,범양건영,"1,331,225","1,382,110","-50,885","6,068,577,135","6,153,682,660","-85,105,525",건물 건설업
008355,남선알미우,"58,561","58,551","10","2,251,286,750","2,336,587,700","-85,300,950",-
005305,롯데칠성우,"3,950","6,352","-2,402","231,929,750","317,716,400","-85,786,650",-
005257,녹십자홀딩스2우,"126","5,299","-5,173","1,736,750","88,082,300","-86,345,550",-
003350,한국화장품제조,"63,148","65,393","-2,245","1,874,293,100","1,961,282,800","-86,989,700",기타 화학제품 제조업
002100,경농,"386,683","393,799","-7,116","3,060,490,870","3,149,626,290","-89,135,420","비료, 농약 및 살균, 살충제 제조업"
000540,흥국화재,"90,671","118,954","-28,283","230,323,345","320,280,855","-89,957,510",보험업
107590,미원홀딩스,"19,656","22,021","-2,365","801,198,150","894,392,150","-93,194,000",기타 금융업
000157,두산2우B,"10,511","10,722","-211","681,305,050","776,167,400","-94,862,350",-
004270,남성,"5,439,857","5,490,228","-50,371","15,867,548,115","15,963,357,840","-95,809,725",기타 전문 도매업
002200,한국수출포장,"74,262","78,697","-4,435","1,310,731,300","1,406,643,200","-95,911,900","골판지, 종이 상자 및 종이용기 제조업"
011230,삼화전자,"576,140","617,115","-40,975","1,707,084,950","1,804,738,945","-97,653,995",영상 및 음향기기 제조업
021050,서원,"67,233","102,435","-35,202","204,671,315","303,261,865","-98,590,550",금속 주조업
019180,티에이치엔,"135,136","166,087","-30,951","453,583,310","553,400,465","-99,817,155",기타 전기장비 제조업
058850,KTcs,"13,204","61,493","-48,289","25,021,730","125,981,135","-100,959,405",기타 정보 서비스업
008350,남선알미늄,"307,229","320,660","-13,431","1,527,024,620","1,629,601,720","-102,577,100",1차 비철금속 제조업
090370,메타랩스,"771,230","884,319","-113,089","803,290,572","906,648,211","-103,357,639",봉제의복 제조업
000230,일동홀딩스,"186,854","197,832","-10,978","1,611,785,170","1,716,257,800","-104,472,630",의약품 제조업
051630,진양화학,"576,330","597,091","-20,761","1,941,487,520","2,046,350,720","-104,863,200",플라스틱제품 제조업
006380,카프로,"141,585","178,753","-37,168","416,100,325","521,355,200","-105,254,875",기초 화학물질 제조업
004410,서울식품,"3,157,219","3,557,995","-400,776","679,096,687","785,684,110","-106,587,423",기타 식품 제조업
013580,계룡건설,"24,163","30,561","-6,398","314,396,520","425,773,780","-111,377,260",토목 건설업
133820,화인베스틸,"415,436","453,758","-38,322","944,555,640","1,057,270,070","-112,714,430",1차 철강 제조업
002210,동성제약,"263,272","271,690","-8,418","3,106,251,030","3,219,465,110","-113,214,080",의약품 제조업
145995,삼양사우,"5,325","7,957","-2,632","186,796,800","300,683,850","-113,887,050",-
025000,KPX케미칼,"13,502","16,780","-3,278","650,774,050","768,050,300","-117,276,250",기초 화학물질 제조업
009415,태영건설우,"220,232","246,846","-26,614","1,841,408,450","1,959,465,920","-118,057,470",-
100250,진양홀딩스,"40,861","87,078","-46,217","92,707,535","211,145,070","-118,437,535",플라스틱제품 제조업
004200,고려개발,"46,799","58,328","-11,529","369,259,355","489,661,745","-120,402,390",토목 건설업
075180,새론오토모티브,"44,916","79,288","-34,372","166,967,070","291,518,835","-124,551,765",자동차 신품 부품 제조업
000860,강남제비스코,"7,871","15,217","-7,346","117,555,200","243,325,500","-125,770,300",기타 화학제품 제조업
004890,동일산업,"10,049","12,141","-2,092","479,332,150","605,920,950","-126,588,800",1차 철강 제조업
004380,삼익THK,"49,745","64,590","-14,845","612,623,530","739,905,430","-127,281,900",일반 목적용 기계 제조업
009580,무림P&P,"45,434","81,930","-36,496","158,907,520","286,331,995","-127,424,475","펄프, 종이 및 판지 제조업"
000320,노루홀딩스,"44,078","60,977","-16,899","394,494,950","524,753,100","-130,258,150",기타 금융업
002720,국제약품,"431,702","453,158","-21,456","2,593,107,745","2,723,623,445","-130,515,700",의약품 제조업
004980,성신양회,"326,968","345,085","-18,117","2,173,340,235","2,305,252,225","-131,911,990","시멘트, 석회, 플라스터 및 그 제품 제조업"
298690,에어부산,"657,726","674,684","-16,958","2,485,966,820","2,618,651,685","-132,684,865",항공 여객 운송업
013870,지엠비코리아,"372,240","408,793","-36,553","1,619,184,100","1,752,281,130","-133,097,030",자동차 신품 부품 제조업
003470,유안타증권,"351,078","396,050","-44,972","876,825,295","1,009,941,800","-133,116,505",금융 지원 서비스업
001790,대한제당,"78,444","87,734","-9,290","1,386,406,400","1,523,402,900","-136,996,500","곡물가공품, 전분 및 전분제품 제조업"
009410,태영건설,"2,494,703","2,509,944","-15,241","35,397,942,470","35,543,365,960","-145,423,490",토목 건설업
004100,태양금속,"80,012","223,079","-143,067","131,800,192","279,925,095","-148,124,903",자동차 신품 부품 제조업
004960,한신공영,"63,770","74,695","-10,925","721,825,640","870,583,200","-148,757,560",건물 건설업
072710,농심홀딩스,"15,811","17,344","-1,533","1,182,441,800","1,332,300,600","-149,858,800",기타 금융업
002700,신일전자,"521,348","615,197","-93,849","1,089,091,910","1,240,294,240","-151,202,330",기계장비 및 관련 물품 도매업
009835,한화솔루션우,"204,213","213,227","-9,014","2,706,832,670","2,861,658,080","-154,825,410",-
009470,삼화전기,"165,656","173,515","-7,859","1,968,809,100","2,126,110,880","-157,301,780",전자부품 제조업
097230,한진중공업,"91,537","113,822","-22,285","477,628,405","635,152,050","-157,523,645",토목 건설업
014280,금강공업,"1,120,165","1,155,898","-35,733","3,446,002,220","3,605,057,040","-159,054,820",1차 철강 제조업
004250,NPC,"56,614","104,438","-47,824","200,189,810","359,442,085","-159,252,275",플라스틱제품 제조업
016740,두올,"677,955","727,428","-49,473","1,852,094,425","2,012,251,180","-160,156,755",자동차 신품 부품 제조업
007660,이수페타시스,"216,700","274,130","-57,430","693,537,800","854,677,670","-161,139,870",전자부품 제조업
019175,신풍제약우,"279,718","292,546","-12,828","3,677,703,810","3,840,792,000","-163,088,190",-
002170,삼양통상,"48,376","50,919","-2,543","2,647,060,400","2,811,389,150","-164,328,750","가죽, 가방 및 유사제품 제조업"
010145,삼성중공우,"18,770","20,208","-1,438","1,967,491,500","2,137,765,600","-170,274,100",-
138250,엔에스쇼핑,"239,163","280,053","-40,890","1,921,196,058","2,092,390,185","-171,194,127",무점포 소매업
004150,한솔홀딩스,"251,203","306,587","-55,384","759,857,035","933,943,085","-174,086,050",기타 금융업
013520,화승알앤에이,"216,692","347,237","-130,545","369,513,100","553,628,145","-184,115,045",자동차 신품 부품 제조업
005960,동부건설,"125,012","145,711","-20,699","1,010,048,920","1,196,191,630","-186,142,710",토목 건설업
267290,경동도시가스,"41,836","53,817","-11,981","690,686,400","883,142,000","-192,455,600",연료용 가스 제조 및 배관공급업
044820,코스맥스비티아이,"91,836","99,777","-7,941","1,412,535,980","1,605,535,140","-192,999,160",기타 금융업
003280,흥아해운,"657,034","1,146,843","-489,809","284,973,793","479,249,707","-194,275,914",해상 운송업
003535,한화투자증권우,"260,378","302,801","-42,423","528,655,459","725,964,341","-197,308,882",-
002870,신풍제지,"69,405","210,946","-141,541","91,135,152","288,928,790","-197,793,638","펄프, 종이 및 판지 제조업"
005190,동성화학,"25,362","38,641","-13,279","394,067,850","601,506,300","-207,438,450",기초 화학물질 제조업
088790,진도,"64,716","148,056","-83,340","190,718,980","398,434,905","-207,715,925",기타 전문 도매업
002300,한국제지,"149,353","145,696","3,657","2,498,755,200","2,706,854,050","-208,098,850","펄프, 종이 및 판지 제조업"
007690,국도화학,"9,133","15,035","-5,902","359,314,050","568,707,550","-209,393,500",기초 화학물질 제조업
003060,에이프로젠제약,"1,502,190","1,545,894","-43,704","2,757,238,625","2,969,036,880","-211,798,255",의약품 제조업
271980,제일약품,"144,203","146,259","-2,056","5,323,014,150","5,536,999,800","-213,985,650",의약품 제조업
024720,한국콜마홀딩스,"591,334","605,255","-13,921","14,160,755,900","14,380,814,700","-220,058,800",기타 금융업
000970,한국주철관,"161,856","184,754","-22,898","1,352,143,950","1,574,716,790","-222,572,840",1차 철강 제조업
015890,태경산업,"150,659","187,379","-36,720","642,042,230","864,752,335","-222,710,105",기초 화학물질 제조업
267850,아시아나IDT,"77,091","90,687","-13,596","1,053,935,070","1,285,392,180","-231,457,110","컴퓨터 프로그래밍, 시스템 통합 및 관리업"
015590,큐로,"1,146,543","1,362,035","-215,492","1,010,026,209","1,241,806,243","-231,780,034",일반 목적용 기계 제조업
033530,세종공업,"292,677","338,819","-46,142","1,165,933,155","1,403,469,025","-237,535,870",자동차 신품 부품 제조업
003530,한화투자증권,"557,362","701,791","-144,429","948,106,557","1,185,696,925","-237,590,368",금융 지원 서비스업
001515,SK증권우,"349,112","349,112","0","1,320,672,465","1,574,894,180","-254,221,715",-
011280,태림포장,"3,577,784","3,656,144","-78,360","14,778,357,725","15,050,144,530","-271,786,805","골판지, 종이 상자 및 종이용기 제조업"
009290,광동제약,"162,597","192,920","-30,323","1,220,373,735","1,503,486,685","-283,112,950",의약품 제조업
003547,대신증권2우B,"116,991","158,572","-41,581","841,559,750","1,127,097,120","-285,537,370",-
004440,대림씨엔에스,"27,546","85,386","-57,840","149,180,075","442,120,300","-292,940,225","시멘트, 석회, 플라스터 및 그 제품 제조업"
015350,부산가스,"19,831","28,814","-8,983","644,039,950","938,853,850","-294,813,900",연료용 가스 제조 및 배관공급업
298000,효성화학,"67,674","69,565","-1,891","6,682,850,100","6,981,652,300","-298,802,200",기초 화학물질 제조업
071320,지역난방공사,"16,103","24,285","-8,182","566,794,850","870,371,750","-303,576,900","증기, 냉·온수 및 공기조절 공급업"
078935,GS우,"5,657","15,177","-9,520","166,759,100","471,424,650","-304,665,550",-
014530,극동유화,"157,560","264,750","-107,190","490,610,980","799,998,450","-309,387,470",석유 정제품 제조업
092230,KPX홀딩스,"6,259","13,132","-6,873","266,834,600","578,248,550","-311,413,950",기초 화학물질 제조업
009770,삼정펄프,"507","12,604","-12,097","13,333,850","326,403,900","-313,070,050","펄프, 종이 및 판지 제조업"
003030,세아제강지주,"17,568","30,206","-12,638","558,836,650","873,319,350","-314,482,700",기타 금융업
017940,E1,"18,161","27,295","-9,134","624,195,200","944,349,900","-320,154,700",기타 전문 도매업
001820,삼화콘덴서,"163,474","173,453","-9,979","9,376,935,400","9,706,373,600","-329,438,200",전자부품 제조업
003200,일신방직,"10,052","15,660","-5,608","578,084,900","915,054,450","-336,969,550",방적 및 가공사 제조업
001045,CJ우,"120,906","127,093","-6,187","4,908,436,500","5,251,459,400","-343,022,900",-
293480,하나제약,"91,763","107,678","-15,915","2,043,166,400","2,388,657,900","-345,491,500",의약품 제조업
003555,LG우,"73,328","77,380","-4,052","3,176,484,050","3,522,014,400","-345,530,350",-
082740,HSD엔진,"444,864","628,180","-183,316","1,911,879,485","2,261,370,345","-349,490,860",일반 목적용 기계 제조업
005950,이수화학,"327,713","371,140","-43,427","3,367,830,950","3,721,070,380","-353,239,430",기초 화학물질 제조업
092200,디아이씨,"546,611","729,007","-182,396","817,344,416","1,172,125,147","-354,780,731",자동차 신품 부품 제조업
041650,상신브레이크,"65,522","209,343","-143,821","208,141,435","570,305,955","-362,164,520",자동차 신품 부품 제조업
003520,영진약품,"5,929,022","5,995,989","-66,967","31,407,856,290","31,778,738,170","-370,881,880",의약품 제조업
006805,미래에셋대우우,"13,748","111,580","-97,832","53,004,650","433,763,675","-380,759,025",-
030610,교보증권,"136,558","194,331","-57,773","932,647,445","1,325,607,415","-392,959,970",금융 지원 서비스업
00088K,한화3우B,"166,000","211,805","-45,805","1,861,807,980","2,262,515,860","-400,707,880",-
000155,두산우,"104,271","109,540","-5,269","3,873,750,850","4,275,035,500","-401,284,650",-
016610,DB금융투자,"124,349","237,219","-112,870","429,995,845","836,636,595","-406,640,750",금융 지원 서비스업
063160,종근당바이오,"100,217","112,364","-12,147","3,259,295,550","3,666,199,900","-406,904,350",의약품 제조업
003545,대신증권우,"85,069","131,469","-46,400","671,442,340","1,078,707,670","-407,265,330",-
011160,두산건설,"2,068,358","2,437,392","-369,034","2,873,482,695","3,281,322,715","-407,840,020",건물 건설업
015360,예스코홀딩스,"12,978","28,133","-15,155","431,081,250","859,232,700","-428,151,450",기타 금융업
042670,두산인프라코어,"26,244,069","23,274,032","2,970,037","121,877,694,915","122,316,261,410","-438,566,495",특수 목적용 기계 제조업
033240,자화전자,"31,847","96,804","-64,957","261,698,765","700,787,070","-439,088,305",전자부품 제조업
005880,대한해운,"145,694","180,492","-34,798","2,602,906,850","3,048,880,900","-445,974,050",해상 운송업
214330,금호에이치티,"481,419","562,642","-81,223","1,796,411,885","2,246,400,720","-449,988,835",자동차 신품 부품 제조업
002795,아모레G우,"121,818","147,340","-25,522","2,790,108,250","3,248,103,450","-457,995,200",-
009070,KCTC,"1,052,815","1,212,953","-160,138","2,316,798,740","2,783,174,545","-466,375,805",도로 화물 운송업
002810,삼영무역,"24,602","61,805","-37,203","338,890,300","815,857,750","-476,967,450",기타 전문 도매업
031440,신세계푸드,"9,479","18,055","-8,576","559,871,250","1,039,527,000","-479,655,750",음식점업
082640,동양생명,"208,990","355,690","-146,700","606,667,335","1,100,551,660","-493,884,325",보험업
003680,한성기업,"486,945","584,841","-97,896","2,425,494,175","2,929,761,835","-504,267,660",수산물 가공 및 저장 처리업
012030,DB,"779,903","1,491,910","-712,007","569,131,460","1,074,687,200","-505,555,740","컴퓨터 프로그래밍, 시스템 통합 및 관리업"
096775,SK이노베이션우,"31,550","42,409","-10,859","2,520,449,400","3,028,061,600","-507,612,200",-
248170,샘표식품,"61,138","73,205","-12,067","2,253,436,150","2,762,049,750","-508,613,600",기타 식품 제조업
005720,넥센,"101,033","228,597","-127,564","453,536,175","973,342,635","-519,806,460",고무제품 제조업
035510,신세계 I&C,"43,879","48,844","-4,965","4,579,764,900","5,100,246,100","-520,481,200","컴퓨터 프로그래밍, 시스템 통합 및 관리업"
008775,호텔신라우,"39,251","48,233","-8,982","2,100,578,600","2,622,688,300","-522,109,700",-
102260,동성코퍼레이션,"140,337","297,776","-157,439","510,945,855","1,037,291,120","-526,345,265",회사 본부 및 경영 컨설팅 서비스업
000480,조선내화,"10,061","16,854","-6,793","765,601,800","1,294,252,000","-528,650,200","내화, 비내화 요업제품 제조업"
030790,비케이탑스,"44,502","107,484","-62,982","110,393,767","640,757,072","-530,363,305","컴퓨터 프로그래밍, 시스템 통합 및 관리업"
029460,케이씨,"31,709","65,595","-33,886","528,348,920","1,060,326,410","-531,977,490","측정, 시험, 항해, 제어 및 기타 정밀기기 제조업; 광학기기 제외"
130660,한전산업,"238,615","410,944","-172,329","741,659,220","1,274,067,570","-532,408,350","건축기술, 엔지니어링 및 관련 기술 서비스업"
078000,텔코웨어,"33,892","80,554","-46,662","456,640,400","993,904,510","-537,264,110","자료처리, 호스팅, 포털 및 기타 인터넷 정보매개 서비스업"
33637K,두산솔루스1우,"119,453","169,491","-50,038","1,653,026,360","2,207,106,600","-554,080,240",-
016710,대성홀딩스,"32,615","75,304","-42,689","293,126,390","847,988,840","-554,862,450",회사 본부 및 경영 컨설팅 서비스업
280360,롯데제과,"7,176","11,846","-4,670","899,426,800","1,455,614,800","-556,188,000",기타 식품 제조업
029530,신도리코,"48,460","65,769","-17,309","1,295,869,500","1,860,438,300","-564,568,800",컴퓨터 및 주변장치 제조업
020760,일진디스플,"301,446","441,189","-139,743","1,429,398,105","2,000,983,850","-571,585,745",반도체 제조업
000910,유니온,"5,793,917","5,919,588","-125,671","34,334,529,115","34,915,112,675","-580,583,560","시멘트, 석회, 플라스터 및 그 제품 제조업"
001270,부국증권,"22,561","53,909","-31,348","414,653,350","996,938,900","-582,285,550",금융 지원 서비스업
145990,삼양사,"190,051","206,889","-16,838","7,351,063,850","7,951,670,400","-600,606,550",기타 식품 제조업
282690,동아타이어,"66,824","125,090","-58,266","736,489,320","1,341,232,230","-604,742,910",고무제품 제조업
053210,스카이라이프,"149,482","229,149","-79,667","1,133,770,690","1,757,913,025","-624,142,335",텔레비전 방송업
005320,국동,"2,833,609","3,123,444","-289,835","6,036,189,990","6,673,055,044","-636,865,054",생활용품 도매업
039130,하나투어,"583,910","593,027","-9,117","24,928,250,550","25,568,891,200","-640,640,650",여행사 및 기타 여행보조 서비스업
104700,한국철강,"208,229","354,674","-146,445","870,397,985","1,515,583,850","-645,185,865",1차 철강 제조업
090350,노루페인트,"454,644","546,147","-91,503","3,249,277,595","3,900,339,745","-651,062,150",기타 화학제품 제조업
02826K,삼성물산우B,"43,642","51,759","-8,117","3,493,107,500","4,152,022,600","-658,915,100",-
094800,맵스리얼티1,"1,839,408","2,097,748","-258,340","7,744,553,445","8,405,279,715","-660,726,270",신탁업 및 집합투자업
004560,현대비앤지스틸,"566,657","645,297","-78,640","4,620,139,680","5,292,784,740","-672,645,060",1차 철강 제조업
016580,환인제약,"31,867","78,727","-46,860","447,003,400","1,127,673,550","-680,670,150",의약품 제조업
006390,한일현대시멘트,"208,184","229,169","-20,985","5,486,087,000","6,174,439,400","-688,352,400","시멘트, 석회, 플라스터 및 그 제품 제조업"
003850,보령제약,"986,961","1,057,879","-70,918","13,782,890,150","14,473,032,780","-690,142,630",의약품 제조업
044450,KSS해운,"98,661","184,976","-86,315","722,709,800","1,423,836,300","-701,126,500",해상 운송업
068290,삼성출판사,"296,124","323,453","-27,329","6,309,978,100","7,028,003,500","-718,025,400","서적, 잡지 및 기타 인쇄물 출판업"
123890,한국자산신탁,"329,378","644,830","-315,452","802,020,505","1,533,841,150","-731,820,645",신탁업 및 집합투자업
019170,신풍제약,"3,102,563","3,105,888","-3,325","52,397,718,160","53,150,813,740","-753,095,580",의약품 제조업
161000,애경유화,"155,033","276,941","-121,908","1,097,549,755","1,861,162,060","-763,612,305",기초 화학물질 제조업
001940,KISCO홀딩스,"56,459","128,114","-71,655","574,344,620","1,356,397,010","-782,052,390",1차 철강 제조업
267260,현대일렉트릭,"454,552","617,317","-162,765","4,429,394,610","5,212,636,880","-783,242,270","전동기, 발전기 및 전기 변환 · 공급 · 제어 장치 제조업"
136490,선진,"136,339","247,453","-111,114","1,189,335,965","1,979,867,290","-790,531,325",동물용 사료 및 조제식품 제조업
075580,세진중공업,"133,347","281,703","-148,356","437,246,410","1,229,668,440","-792,422,030",선박 및 보트 건조업
009240,한샘,"1,655,096","1,673,912","-18,816","132,541,770,150","133,348,564,000","-806,793,850",생활용품 도매업
322000,현대에너지솔루션,"1,103,923","1,125,586","-21,663","28,255,339,200","29,064,315,700","-808,976,500",반도체 제조업
010955,S-Oil우,"81,448","107,061","-25,613","3,029,181,250","3,874,045,750","-844,864,500",-
005430,한국공항,"48,289","68,281","-19,992","1,614,646,100","2,460,854,250","-846,208,150",기타 운송관련 서비스업
001570,금양,"669,225","981,504","-312,279","2,211,255,670","3,077,023,785","-865,768,115",기초 화학물질 제조업
084690,대상홀딩스,"153,091","261,392","-108,301","991,651,680","1,862,164,125","-870,512,445",기타 금융업
096760,JW홀딩스,"2,101,501","2,273,150","-171,649","10,921,113,450","11,792,660,925","-871,547,475",기타 금융업
091810,티웨이항공,"517,696","757,408","-239,712","2,063,520,940","2,958,997,920","-895,476,980",항공 여객 운송업
004140,동방,"2,079,392","2,558,312","-478,920","4,407,952,015","5,304,297,860","-896,345,845",기타 운송관련 서비스업
085620,미래에셋생명,"320,316","600,075","-279,759","1,180,385,680","2,104,008,765","-923,623,085",보험업
033270,유나이티드제약,"54,532","104,309","-49,777","1,041,584,450","1,994,290,500","-952,706,050",의약품 제조업
183190,아세아시멘트,"28,628","45,163","-16,535","1,524,506,050","2,478,961,150","-954,455,100","시멘트, 석회, 플라스터 및 그 제품 제조업"
001130,대한제분,"8,653","16,245","-7,592","1,245,895,300","2,212,792,300","-966,897,000","곡물가공품, 전분 및 전분제품 제조업"
120115,코오롱인더우,"76,891","132,504","-55,613","1,312,306,100","2,292,031,350","-979,725,250",-
140910,에이리츠,"50,356","197,563","-147,207","311,039,960","1,292,321,390","-981,281,430",부동산 임대 및 공급업
020000,한섬,"805,083","860,730","-55,647","22,905,415,900","23,888,193,550","-982,777,650",봉제의복 제조업
002990,금호산업,"86,279","219,255","-132,976","658,596,270","1,663,151,245","-1,004,554,975",건물 건설업
079980,휴비스,"542,888","698,643","-155,755","3,732,537,400","4,737,885,520","-1,005,348,120",화학섬유 제조업
003540,대신증권,"210,818","314,331","-103,513","1,965,397,790","2,975,683,040","-1,010,285,250",금융 지원 서비스업
000060,메리츠화재,"466,442","538,196","-71,754","6,379,525,890","7,392,588,960","-1,013,063,070",보험업
009190,대양금속,"528,144","830,925","-302,781","2,173,440,615","3,189,238,670","-1,015,798,055",1차 철강 제조업
002030,아세아,"16,937","28,788","-11,851","1,320,522,800","2,337,353,500","-1,016,830,700",회사 본부 및 경영 컨설팅 서비스업
286940,롯데정보통신,"104,929","135,085","-30,156","3,797,542,950","4,814,853,500","-1,017,310,550","컴퓨터 프로그래밍, 시스템 통합 및 관리업"
016590,신대양제지,"23,314","40,652","-17,338","1,313,730,600","2,332,228,600","-1,018,498,000","골판지, 종이 상자 및 종이용기 제조업"
003090,대웅,"634,978","671,521","-36,543","11,041,348,040","12,060,037,900","-1,018,689,860",기타 금융업
006040,동원산업,"20,485","25,967","-5,482","4,081,339,500","5,101,681,000","-1,020,341,500",어로 어업
009450,경동나비엔,"94,812","131,476","-36,664","4,272,051,350","5,302,456,050","-1,030,404,700",가정용 기기 제조업
030720,동원수산,"549,583","644,154","-94,571","4,290,315,560","5,360,313,860","-1,069,998,300",어로 어업
010820,퍼스텍,"56,109","519,449","-463,340","129,513,225","1,205,403,425","-1,075,890,200",무기 및 총포탄 제조업
002460,화성산업,"99,161","225,036","-125,875","920,883,840","2,004,574,550","-1,083,690,710",건물 건설업
213500,한솔제지,"479,572","539,252","-59,680","6,108,134,150","7,206,182,240","-1,098,048,090","펄프, 종이 및 판지 제조업"
009180,한솔로지스틱스,"403,117","1,016,220","-613,103","696,928,826","1,804,918,386","-1,107,989,560",기타 운송관련 서비스업
001500,현대차증권,"223,544","364,218","-140,674","1,780,486,180","2,894,156,840","-1,113,670,660",금융 지원 서비스업
025860,남해화학,"715,827","869,542","-153,715","5,211,773,130","6,333,493,815","-1,121,720,685","비료, 농약 및 살균, 살충제 제조업"
001880,대림건설,"209,388","236,105","-26,717","3,634,462,600","4,759,196,850","-1,124,734,250",건물 건설업
066575,LG전자우,"237,671","294,314","-56,643","5,746,982,300","6,877,589,750","-1,130,607,450",-
037710,광주신세계,"1,096","8,852","-7,756","160,641,000","1,296,565,000","-1,135,924,000",종합 소매업
006340,대원전선,"1,013,018","2,026,873","-1,013,855","1,065,297,010","2,209,702,244","-1,144,405,234",절연선 및 케이블 제조업
000040,KR모터스,"3,552,955","5,054,985","-1,502,030","2,332,618,056","3,499,445,663","-1,166,827,607",그외 기타 운송장비 제조업
060980,한라홀딩스,"580,053","565,428","14,625","17,300,619,350","18,474,554,250","-1,173,934,900",기타 금융업
003495,대한항공우,"64,937","107,876","-42,939","1,256,653,250","2,444,472,050","-1,187,818,800",-
014820,동원시스템즈,"281,194","335,985","-54,791","6,188,165,250","7,388,134,100","-1,199,968,850",플라스틱제품 제조업
018250,애경산업,"422,095","471,056","-48,961","11,022,590,000","12,230,027,050","-1,207,437,050",기타 화학제품 제조업
097955,CJ제일제당 우,"47,475","63,754","-16,279","5,540,105,600","6,753,034,400","-1,212,928,800",-
003690,코리안리,"846,651","944,735","-98,084","6,229,967,450","7,457,540,920","-1,227,573,470",재 보험업
005850,에스엘,"610,589","678,270","-67,681","8,061,562,750","9,342,241,850","-1,280,679,100",자동차 신품 부품 제조업
051905,LG생활건강우,"3,652","5,494","-1,842","2,693,924,000","3,993,377,000","-1,299,453,000",-
005945,NH투자증권우,"412,166","597,320","-185,154","3,055,818,150","4,369,383,600","-1,313,565,450",-
002240,고려제강,"342,620","421,476","-78,856","5,590,788,700","6,924,377,650","-1,333,588,950",1차 철강 제조업
002960,한국쉘석유,"25,909","30,565","-4,656","6,580,383,000","7,917,608,500","-1,337,225,500",석유 정제품 제조업
152330,코리아오토글라스,"68,661","176,540","-107,879","954,191,460","2,342,558,590","-1,388,367,130",유리 및 유리제품 제조업
003920,남양유업,"20,084","23,834","-3,750","6,638,234,000","8,059,857,000","-1,421,623,000",낙농제품 및 식용빙과류 제조업
267270,현대건설기계,"277,743","326,389","-48,646","5,629,117,900","7,059,489,300","-1,430,371,400",일반 목적용 기계 제조업
004430,송원산업,"443,993","458,872","-14,879","4,525,284,000","5,989,173,870","-1,463,889,870",기타 화학제품 제조업
000215,대림산업우,"232,610","277,074","-44,464","7,869,554,900","9,356,562,800","-1,487,007,900",-
000300,대유플러스,"849,195","3,038,060","-2,188,865","568,875,799","2,061,095,585","-1,492,219,786",통신 및 방송 장비 제조업
192400,쿠쿠홀딩스,"79,832","96,716","-16,884","6,812,074,800","8,310,260,000","-1,498,185,200",기타 금융업
016380,KG동부제철,"244,216","328,483","-84,267","3,121,934,610","4,620,952,050","-1,499,017,440",1차 철강 제조업
016450,한세예스24홀딩스,"134,999","462,212","-327,213","682,046,455","2,218,087,845","-1,536,041,390",봉제의복 제조업
006840,AK홀딩스,"227,275","295,457","-68,182","4,914,743,500","6,484,799,050","-1,570,055,550",기타 금융업
008600,윌비스,"120,504","1,229,688","-1,109,184","169,110,524","1,739,689,412","-1,570,578,888",생활용품 도매업
002310,아세아제지,"90,479","140,047","-49,568","2,850,324,050","4,450,280,600","-1,599,956,550","골판지, 종이 상자 및 종이용기 제조업"
018670,SK가스,"36,774","60,550","-23,776","2,715,460,400","4,327,783,550","-1,612,323,150",기타 전문 도매업
027410,BGF,"2,110,438","2,464,779","-354,341","9,073,148,145","10,704,448,760","-1,631,300,615",기타 금융업
344820,케이씨씨글라스,"203,721","273,847","-70,126","7,819,998,700","9,451,954,550","-1,631,955,850",유리 및 유리제품 제조업
001800,오리온홀딩스,"1,013,696","1,115,456","-101,760","13,944,566,950","15,580,388,100","-1,635,821,150",기타 금융업
284740,쿠쿠홈시스,"195,159","239,424","-44,265","7,092,235,250","8,746,110,750","-1,653,875,500",개인 및 가정용품 임대업
003240,태광산업,"12,503","14,461","-1,958","9,339,000,500","10,993,964,000","-1,654,963,500",화학섬유 제조업
006650,대한유화,"452,843","467,588","-14,745","47,708,922,100","49,369,398,300","-1,660,476,200",기초 화학물질 제조업
307950,현대오토에버,"96,874","148,290","-51,416","3,833,339,250","5,587,006,900","-1,753,667,650",소프트웨어 개발 및 공급업
000070,삼양홀딩스,"225,863","258,297","-32,434","11,673,490,500","13,436,703,000","-1,763,212,500",기타 금융업
052690,한전기술,"678,465","797,560","-119,095","11,561,581,700","13,353,194,150","-1,791,612,450","건축기술, 엔지니어링 및 관련 기술 서비스업"
099340,하나니켈1호,"5,666,387","11,386,997","-5,720,610","2,340,998,493","4,233,860,185","-1,892,861,692",신탁업 및 집합투자업
005385,현대차우,"587,826","643,259","-55,433","36,953,005,850","38,873,562,200","-1,920,556,350",-
089590,제주항공,"270,688","378,646","-107,958","5,123,681,450","7,061,289,800","-1,937,608,350",항공 여객 운송업
003220,대원제약,"339,667","413,278","-73,611","6,033,616,670","7,975,116,170","-1,941,499,500",의약품 제조업
058430,포스코강판,"42,046","166,445","-124,399","661,935,880","2,618,371,630","-1,956,435,750",1차 철강 제조업
006405,삼성SDI우,"27,904","41,375","-13,471","4,927,844,000","6,919,560,700","-1,991,716,700",-
108670,LG하우시스,"761,142","813,200","-52,058","43,521,321,600","45,596,468,350","-2,075,146,750",플라스틱제품 제조업
001230,동국제강,"3,972,955","4,487,291","-514,336","20,048,892,350","22,166,118,305","-2,117,225,955",1차 철강 제조업
002350,넥센타이어,"2,116,791","2,456,999","-340,208","12,405,367,110","14,611,840,935","-2,206,473,825",고무제품 제조업
023590,다우기술,"1,903,628","2,010,020","-106,392","36,958,417,100","39,169,499,750","-2,211,082,650","자료처리, 호스팅, 포털 및 기타 인터넷 정보매개 서비스업"
034120,SBS,"528,473","669,531","-141,058","10,873,977,500","13,106,739,650","-2,232,762,150",텔레비전 방송업
002270,롯데푸드,"27,819","34,266","-6,447","9,382,383,000","11,634,149,000","-2,251,766,000",낙농제품 및 식용빙과류 제조업
039490,키움증권,"265,008","304,327","-39,319","20,534,989,800","22,825,884,700","-2,290,894,900",금융 지원 서비스업
020560,아시아나항공,"2,694,118","3,182,925","-488,807","10,998,214,520","13,320,583,880","-2,322,369,360",항공 여객 운송업
298040,효성중공업,"415,508","573,740","-158,232","8,060,762,470","10,407,229,830","-2,346,467,360","전동기, 발전기 및 전기 변환 · 공급 · 제어 장치 제조업"
001060,JW중외제약,"2,096,772","2,160,839","-64,067","69,058,847,500","71,429,771,200","-2,370,923,700",의약품 제조업
005610,SPC삼립,"119,181","152,770","-33,589","7,789,697,150","10,169,735,900","-2,380,038,750",기타 식품 제조업
090435,아모레퍼시픽우,"147,034","180,373","-33,339","9,771,179,600","12,190,957,100","-2,419,777,500",-
009155,삼성전기우,"115,364","157,409","-42,045","6,045,233,300","8,476,153,150","-2,430,919,850",-
139480,이마트,"4,607,529","4,624,230","-16,701","512,678,606,600","515,193,931,700","-2,515,325,100",종합 소매업
035150,백산,"268,721","700,841","-432,120","1,815,483,185","4,365,776,940","-2,550,293,755",플라스틱제품 제조업
010120,LS ELECTRIC,"1,158,718","1,225,729","-67,011","51,756,912,200","54,338,391,100","-2,581,478,900","전동기, 발전기 및 전기 변환 · 공급 · 제어 장치 제조업"
034020,두산중공업,"16,781,522","17,300,355","-518,833","78,144,348,195","80,786,924,360","-2,642,576,165",일반 목적용 기계 제조업
326030,SK바이오팜,"202,119","211,737","-9,618","40,166,440,000","42,845,742,500","-2,679,302,500",자연과학 및 공학 연구개발업
002320,한진,"1,482,285","1,520,015","-37,730","55,155,828,350","57,882,725,800","-2,726,897,450",도로 화물 운송업
017960,한국카본,"422,539","788,829","-366,290","3,022,291,355","5,892,232,910","-2,869,941,555","구조용 금속제품, 탱크 및 증기발생기 제조업"
093050,LF,"726,883","948,552","-221,669","9,155,882,700","12,038,265,680","-2,882,382,980",봉제의복 제조업
293940,신한알파리츠,"3,185,267","3,611,324","-426,057","21,646,714,280","24,533,479,680","-2,886,765,400",부동산 임대 및 공급업
00279K,아모레G3우(전환),"291,957","361,335","-69,378","11,348,419,650","14,275,539,550","-2,927,119,900",-
025620,제이준코스메틱,"695,929","1,580,878","-884,949","2,142,115,935","5,127,705,880","-2,985,589,945",기타 화학제품 제조업
001680,대상,"3,226,777","3,380,397","-153,620","74,691,329,200","77,694,829,850","-3,003,500,650",기타 식품 제조업
017180,명문제약,"393,587","874,164","-480,577","2,478,167,920","5,498,957,925","-3,020,790,005",의약품 제조업
079550,LIG넥스원,"884,375","996,006","-111,631","24,522,816,800","27,616,263,600","-3,093,446,800",무기 및 총포탄 제조업
105630,한세실업,"1,406,716","1,635,084","-228,368","16,601,871,370","19,729,601,420","-3,127,730,050",봉제의복 제조업
001430,세아베스틸,"814,147","1,131,801","-317,654","7,811,894,310","10,947,688,110","-3,135,793,800",1차 철강 제조업
005250,녹십자홀딩스,"1,011,719","1,173,215","-161,496","21,634,503,600","24,794,992,200","-3,160,488,600",회사 본부 및 경영 컨설팅 서비스업
006120,SK디스커버리,"758,800","884,537","-125,737","21,468,130,800","24,691,618,750","-3,223,487,950",기타 금융업
020150,일진머티리얼즈,"3,533,581","3,643,018","-109,437","159,472,607,600","162,725,004,200","-3,252,396,600",전자부품 제조업
000140,하이트진로홀딩스,"268,484","383,120","-114,636","3,237,620,700","6,601,370,560","-3,363,749,860",기타 금융업
103140,풍산,"964,633","1,152,786","-188,153","20,229,767,800","23,624,971,050","-3,395,203,250",1차 비철금속 제조업
028100,동아지질,"104,934","322,442","-217,508","1,556,599,950","5,012,665,550","-3,456,065,600",기반조성 및 시설물 축조관련 전문공사업
011810,STX,"133,994","779,235","-645,241","808,670,795","4,351,103,670","-3,542,432,875",상품 종합 도매업
000210,대림산업,"3,117,298","3,178,386","-61,088","250,392,697,950","253,972,075,000","-3,579,377,050",토목 건설업
011210,현대위아,"1,690,663","1,770,559","-79,896","63,529,396,350","67,147,691,350","-3,618,295,000",자동차 신품 부품 제조업
000240,한국테크놀로지그룹,"1,106,351","1,410,586","-304,235","12,303,407,920","16,036,034,140","-3,732,626,220",기타 금융업
192080,더블유게임즈,"390,376","421,934","-31,558","24,160,577,550","27,984,570,000","-3,823,992,450",소프트웨어 개발 및 공급업
336370,두산솔루스,"439,670","569,709","-130,039","12,582,345,500","16,463,324,500","-3,880,979,000",전자부품 제조업
139130,DGB금융지주,"7,337,216","8,140,463","-803,247","40,042,197,360","43,934,179,155","-3,891,981,795",기타 금융업
000815,삼성화재우,"30,732","61,656","-30,924","3,864,299,700","7,777,857,800","-3,913,558,100",-
192650,드림텍,"4,398,857","4,558,629","-159,772","36,568,563,520","40,521,800,660","-3,953,237,140",전자부품 제조업
049770,동원F&B,"64,362","84,816","-20,454","12,360,969,000","16,315,174,500","-3,954,205,500",기타 식품 제조업
032350,롯데관광개발,"879,392","1,188,001","-308,609","10,366,178,390","14,599,194,730","-4,233,016,340",여행사 및 기타 여행보조 서비스업
033180,필룩스,"79,681","871,508","-791,827","410,406,755","4,669,941,430","-4,259,534,675",전자부품 제조업
170900,동아에스티,"304,148","354,739","-50,591","26,792,646,700","31,148,860,200","-4,356,213,500",의약품 제조업
298020,효성티앤씨,"40,095","75,088","-34,993","4,956,450,900","9,313,462,500","-4,357,011,600",화학섬유 제조업
010060,OCI,"2,153,928","2,189,072","-35,144","100,248,859,550","104,633,421,550","-4,384,562,000",기초 화학물질 제조업
011000,진원생명과학,"1,599,975","2,265,319","-665,344","12,548,285,430","16,946,135,410","-4,397,849,980",의약품 제조업
000670,영풍,"26,153","34,368","-8,215","13,554,024,500","17,961,403,500","-4,407,379,000",1차 비철금속 제조업
005180,빙그레,"221,050","297,401","-76,351","12,642,336,250","17,059,517,300","-4,417,181,050",낙농제품 및 식용빙과류 제조업
007570,일양약품,"1,084,969","1,228,377","-143,408","49,772,453,150","54,271,281,500","-4,498,828,350",의약품 제조업
042660,대우조선해양,"1,811,515","2,070,634","-259,119","38,614,624,750","43,184,126,600","-4,569,501,850",선박 및 보트 건조업
210980,SK디앤디,"89,770","236,129","-146,359","2,511,295,900","7,203,845,500","-4,692,549,600",부동산 임대 및 공급업
007310,오뚜기,"51,870","61,241","-9,371","27,417,114,000","32,116,108,500","-4,698,994,500",기타 식품 제조업
026960,동서,"1,200,903","1,501,690","-300,787","19,711,063,450","24,495,632,550","-4,784,569,100",음·식료품 및 담배 도매업
073240,금호타이어,"6,786,808","8,125,955","-1,339,147","22,026,820,040","26,886,611,350","-4,859,791,310",고무제품 제조업
000150,두산,"858,385","961,800","-103,415","39,127,519,900","44,000,388,550","-4,872,868,650",회사 본부 및 경영 컨설팅 서비스업
007700,F&F,"502,956","557,418","-54,462","48,865,356,700","53,837,669,961","-4,972,313,261",봉제의복 제조업
000640,동아쏘시오홀딩스,"209,299","263,930","-54,631","18,536,264,800","23,529,957,300","-4,993,692,500",기타 금융업
011780,금호석유,"1,683,526","1,770,363","-86,837","116,661,097,800","121,755,796,550","-5,094,698,750",기초 화학물질 제조업
011330,유니켐,"258,874","3,454,025","-3,195,151","379,398,969","5,507,141,658","-5,127,742,689","가죽, 가방 및 유사제품 제조업"
001740,SK네트웍스,"12,838,143","13,755,781","-917,638","63,732,337,205","68,902,889,610","-5,170,552,405",기타 전문 도매업
055490,테이팩스,"65,985","286,130","-220,145","1,236,990,700","6,453,458,650","-5,216,467,950",플라스틱제품 제조업
008060,대덕,"6,139,913","6,695,210","-555,297","50,513,353,060","55,787,353,930","-5,274,000,870",전자부품 제조업
175330,JB금융지주,"763,381","1,902,755","-1,139,374","3,614,906,155","8,963,107,865","-5,348,201,710",기타 금융업
008490,서흥,"120,379","233,437","-113,058","5,316,117,250","10,745,770,500","-5,429,653,250",기타 화학제품 제조업
005440,현대그린푸드,"2,324,090","2,954,793","-630,703","18,723,001,305","24,165,563,100","-5,442,561,795",종합 소매업
079440,오렌지라이프,"118,311","316,611","-198,300","3,232,308,750","8,704,749,900","-5,472,441,150",보험업
012630,HDC,"1,362,281","1,948,993","-586,712","12,351,743,430","17,867,430,860","-5,515,687,430",기타 금융업
012510,더존비즈온,"1,189,535","1,213,484","-23,949","115,824,119,000","121,483,126,700","-5,659,007,700","컴퓨터 프로그래밍, 시스템 통합 및 관리업"
004000,롯데정밀화학,"1,187,349","1,349,221","-161,872","44,165,510,600","49,827,323,500","-5,661,812,900",기초 화학물질 제조업
005300,롯데칠성,"158,805","208,612","-49,807","16,406,633,400","22,089,851,800","-5,683,218,400",비알코올음료 및 얼음 제조업
007070,GS리테일,"3,317,544","3,517,315","-199,771","124,779,306,000","130,588,708,150","-5,809,402,150",종합 소매업
069260,휴켐스,"966,442","1,319,730","-353,288","16,244,432,600","22,252,830,100","-6,008,397,500",기타 화학제품 제조업
185750,종근당,"391,119","457,225","-66,106","37,499,766,700","43,576,683,000","-6,076,916,300",의약품 제조업
241590,화승엔터프라이즈,"1,119,079","1,606,738","-487,659","14,489,667,630","20,576,246,420","-6,086,578,790",신발 및 신발 부분품 제조업
004310,현대약품,"465,043","1,335,914","-870,871","2,241,974,290","8,337,279,120","-6,095,304,830",의약품 제조업
047040,대우건설,"14,884,812","16,486,770","-1,601,958","55,803,487,070","61,905,404,935","-6,101,917,865",건물 건설업
272210,한화시스템,"738,067","1,505,813","-767,746","6,179,097,035","12,520,352,465","-6,341,255,430",전자부품 제조업
000105,유한양행우,"13,468","108,669","-95,201","938,463,800","7,403,895,750","-6,465,431,950",-
011930,신성이엔지,"3,199,155","7,696,285","-4,497,130","3,211,257,704","9,804,136,078","-6,592,878,374",반도체 제조업
004990,롯데지주,"2,254,912","2,465,979","-211,067","75,147,395,450","81,794,231,250","-6,646,835,800",기타 금융업
088260,이리츠코크렙,"2,074,931","3,425,479","-1,350,548","11,212,290,760","17,883,676,105","-6,671,385,345",부동산 임대 및 공급업
161890,한국콜마,"1,444,385","1,595,066","-150,681","61,421,655,600","68,107,268,650","-6,685,613,050",기타 화학제품 제조업
079160,CJ CGV,"1,732,434","2,031,274","-298,840","41,877,871,800","48,577,460,750","-6,699,588,950","영화, 비디오물, 방송프로그램 제작 및 배급업"
308170,센트랄모텍,"59,199","296,903","-237,704","2,092,176,300","8,889,088,650","-6,796,912,350",자동차 신품 부품 제조업
011200,HMM,"3,309,764","4,803,406","-1,493,642","15,114,469,835","21,999,196,905","-6,884,727,070",해상 운송업
030000,제일기획,"6,624,914","6,952,184","-327,270","117,503,450,700","124,447,146,600","-6,943,695,900",광고업
088350,한화생명,"46,510,735","50,207,986","-3,697,251","73,772,103,017","80,887,990,893","-7,115,887,876",보험업
011790,SKC,"3,025,689","3,244,305","-218,616","164,932,508,050","172,057,413,600","-7,124,905,550",기타 화학제품 제조업
112610,씨에스윈드,"338,592","454,165","-115,573","14,532,774,650","21,672,693,800","-7,139,919,150","구조용 금속제품, 탱크 및 증기발생기 제조업"
008930,한미사이언스,"2,188,052","2,415,730","-227,678","70,145,021,100","77,474,227,150","-7,329,206,050",기타 금융업
00680K,미래에셋대우2우B,"1,747,325","4,167,224","-2,419,899","5,977,398,120","13,317,083,035","-7,339,684,915",-
120110,코오롱인더,"757,568","965,637","-208,069","25,403,596,650","32,764,783,700","-7,361,187,050",화학섬유 제조업
057050,현대홈쇼핑,"359,857","475,290","-115,433","24,314,001,300","31,737,066,800","-7,423,065,500",무점포 소매업
047050,포스코인터내셔널,"4,583,243","5,086,394","-503,151","68,425,495,920","75,926,290,750","-7,500,794,830",상품 중개업
006260,LS,"1,299,513","1,509,777","-210,264","47,415,076,700","54,992,029,000","-7,576,952,300",기타 금융업
034310,NICE,"157,267","539,562","-382,295","3,001,178,950","10,615,330,350","-7,614,151,400",회사 본부 및 경영 컨설팅 서비스업
029780,삼성카드,"2,066,696","2,333,632","-266,936","63,815,284,300","71,994,303,450","-8,179,019,150",기타 금융업
114090,GKL,"4,668,983","5,208,948","-539,965","72,548,343,600","80,782,195,400","-8,233,851,800",유원지 및 기타 오락관련 서비스업
000990,DB하이텍,"2,424,248","2,710,073","-285,825","63,081,835,650","71,453,415,850","-8,371,580,200",반도체 제조업
111770,영원무역,"2,093,554","2,397,205","-303,651","58,082,513,850","66,503,998,100","-8,421,484,250",상품 종합 도매업
138930,BNK금융지주,"18,317,845","19,621,175","-1,303,330","97,721,078,375","106,398,690,065","-8,677,611,690",기타 금융업
051915,LG화학우,"204,393","249,801","-45,408","40,976,446,000","49,954,109,000","-8,977,663,000",-
051600,한전KPS,"1,826,208","2,107,418","-281,210","59,664,288,550","68,728,525,650","-9,064,237,100",전기 및 통신 공사업
051910,LG화학,"5,803,310","5,867,522","-64,212","2,278,673,367,500","2,287,765,744,500","-9,092,377,000",기초 화학물질 제조업
004800,효성,"359,617","498,333","-138,716","23,986,410,650","33,337,684,600","-9,351,273,950",기타 금융업
064350,현대로템,"2,318,412","2,960,036","-641,624","35,098,663,580","44,452,638,940","-9,353,975,360",철도장비 제조업
009420,한올바이오파마,"2,893,362","3,239,577","-346,215","73,626,520,200","83,085,951,900","-9,459,431,700",의약품 제조업
028670,팬오션,"19,482,048","22,103,259","-2,621,211","71,313,875,840","80,803,484,995","-9,489,609,155",해상 운송업
010620,현대미포조선,"1,623,940","1,895,416","-271,476","54,489,874,000","63,985,943,900","-9,496,069,900",선박 및 보트 건조업
006060,화승인더,"1,784,647","3,089,273","-1,304,626","14,432,271,660","24,047,026,020","-9,614,754,360",플라스틱제품 제조업
069620,대웅제약,"276,980","369,178","-92,198","30,910,569,400","40,571,257,500","-9,660,688,100",의약품 제조업
128940,한미약품,"748,960","788,594","-39,634","197,076,980,000","207,264,180,000","-10,187,200,000",의약품 제조업
031430,신세계인터내셔날,"596,623","657,422","-60,799","115,492,041,000","125,935,821,500","-10,443,780,500","섬유, 의복, 신발 및 가죽제품 소매업"
008560,메리츠증권,"25,000,797","28,455,536","-3,454,739","82,175,074,830","92,885,614,500","-10,710,539,670",금융 지원 서비스업
023530,롯데쇼핑,"1,939,380","2,049,537","-110,157","179,139,745,800","190,094,609,600","-10,954,863,800",종합 소매업
000880,한화,"4,456,462","4,988,289","-531,827","95,450,769,450","106,413,911,250","-10,963,141,800",기타 화학제품 제조업
282330,BGF리테일,"408,094","483,181","-75,087","60,742,758,500","71,862,528,000","-11,119,769,500",종합 소매업
014680,한솔케미칼,"923,070","1,021,035","-97,965","98,329,605,700","109,489,108,300","-11,159,502,600",기초 화학물질 제조업
000080,하이트진로,"7,657,642","8,029,291","-371,649","257,988,123,850","269,298,105,000","-11,309,981,150",알코올음료 제조업
097950,CJ제일제당,"968,867","1,014,568","-45,701","283,499,650,000","294,860,741,500","-11,361,091,500",기타 식품 제조업
003000,부광약품,"2,323,768","2,860,893","-537,125","57,380,896,250","68,744,180,250","-11,363,284,000",의약품 제조업
002790,아모레G,"2,736,230","2,884,545","-148,315","162,778,966,750","174,364,424,100","-11,585,457,350",기타 화학제품 제조업
081660,휠라홀딩스,"2,668,852","2,826,168","-157,316","90,770,518,200","102,368,303,500","-11,597,785,300",생활용품 도매업
001450,현대해상,"4,483,474","5,049,452","-565,978","102,870,766,400","114,930,907,450","-12,060,141,050",보험업
006360,GS건설,"7,057,859","7,466,435","-408,576","171,575,690,500","183,642,563,500","-12,066,873,000",건물 건설업
069960,현대백화점,"1,346,531","1,519,609","-173,078","89,863,846,100","102,067,227,200","-12,203,381,100",종합 소매업
036460,한국가스공사,"2,883,043","3,321,642","-438,599","79,091,307,100","91,330,548,700","-12,239,241,600",연료용 가스 제조 및 배관공급업
214320,이노션,"847,803","1,038,581","-190,778","47,592,335,900","59,906,076,150","-12,313,740,250",광고업
006280,녹십자,"870,545","959,195","-88,650","129,452,896,200","141,951,126,400","-12,498,230,200",의약품 제조업
071050,한국금융지주,"5,017,914","5,245,585","-227,671","268,935,780,700","281,626,999,000","-12,691,218,300",기타 금융업
001040,CJ,"1,763,561","1,921,291","-157,730","143,326,451,600","156,223,991,800","-12,897,540,200",기타 금융업
012450,한화에어로스페이스,"3,076,404","3,512,017","-435,613","81,453,726,350","94,403,511,200","-12,949,784,850","항공기,우주선 및 부품 제조업"
005940,NH투자증권,"18,382,340","19,763,882","-1,381,542","178,027,174,160","191,424,772,500","-13,397,598,340",금융 지원 서비스업
017800,현대엘리베이,"2,087,632","2,324,023","-236,391","121,512,580,650","135,033,994,050","-13,521,413,400",일반 목적용 기계 제조업
002380,KCC,"596,321","676,984","-80,663","98,274,788,500","111,797,290,000","-13,522,501,500",기타 화학제품 제조업
330590,롯데리츠,"7,405,986","9,980,610","-2,574,624","39,494,211,650","53,101,844,375","-13,607,632,725",부동산 임대 및 공급업
086280,현대글로비스,"1,882,938","1,997,682","-114,744","216,312,594,800","230,062,322,100","-13,749,727,300",기타 운송관련 서비스업
204320,만도,"4,370,981","4,979,695","-608,714","119,574,335,150","136,687,625,050","-17,113,289,900",자동차 신품 부품 제조업
241560,두산밥캣,"5,514,878","6,153,018","-638,140","144,075,154,750","162,123,644,650","-18,048,489,900",특수 목적용 기계 제조업
047810,한국항공우주,"4,019,780","4,698,326","-678,546","98,925,435,350","117,135,900,000","-18,210,464,650","항공기,우주선 및 부품 제조업"
011170,롯데케미칼,"3,869,182","3,976,651","-107,469","726,830,232,500","746,037,846,500","-19,207,614,000",기초 화학물질 제조업
011070,LG이노텍,"2,892,866","3,012,177","-119,311","399,669,318,300","419,627,148,300","-19,957,830,000",전자부품 제조업
005830,DB손해보험,"3,096,547","3,623,006","-526,459","128,973,419,900","149,514,844,000","-20,541,424,100",보험업
016360,삼성증권,"6,487,711","7,169,726","-682,015","193,994,367,600","215,507,972,000","-21,513,604,400",금융 지원 서비스업
012750,에스원,"1,135,109","1,396,615","-261,506","98,554,526,500","120,173,901,200","-21,619,374,700","경비, 경호 및 탐정업"
000100,유한양행,"3,541,738","3,727,041","-185,303","240,774,824,050","262,899,363,950","-22,124,539,900",의약품 제조업
009830,한화솔루션,"11,964,713","13,304,501","-1,339,788","213,023,246,740","235,181,877,700","-22,158,630,960",기초 화학물질 제조업
028050,삼성엔지니어링,"5,214,040","6,851,342","-1,637,302","64,280,237,960","86,981,217,070","-22,700,979,110","건축기술, 엔지니어링 및 관련 기술 서비스업"
004020,현대제철,"7,885,398","8,886,631","-1,001,233","179,027,757,350","202,839,651,150","-23,811,893,800",1차 철강 제조업
078930,GS,"3,151,330","3,770,451","-619,121","124,315,963,300","149,047,690,550","-24,731,727,250",기타 금융업
008770,호텔신라,"6,101,124","6,487,449","-386,325","484,905,306,600","510,128,120,200","-25,222,813,600",기타 상품 전문 소매업
013890,지누스,"359,416","681,074","-321,658","28,068,426,500","53,325,340,600","-25,256,914,100",가구 제조업
180640,한진칼,"2,067,064","2,395,130","-328,066","153,846,879,050","179,214,073,000","-25,367,193,950",항공 여객 운송업
024110,기업은행,"22,840,459","25,729,141","-2,888,682","201,177,925,410","226,798,809,090","-25,620,883,680",은행 및 저축기관
271560,오리온,"1,344,188","1,581,609","-237,421","159,473,466,900","185,164,949,100","-25,691,482,200",기타 식품 제조업
010950,S-Oil,"7,087,778","7,478,494","-390,716","478,642,908,900","504,833,420,300","-26,190,511,400",석유 정제품 제조업
018880,한온시스템,"16,731,263","19,415,082","-2,683,819","164,237,446,560","191,310,323,400","-27,072,876,840",일반 목적용 기계 제조업
032640,LG유플러스,"44,905,069","46,882,330","-1,977,261","572,077,599,590","600,111,494,850","-28,033,895,260",전기 통신업
010130,고려아연,"644,237","723,514","-79,277","248,737,895,000","277,750,367,500","-29,012,472,500",1차 비철금속 제조업
000720,현대건설,"8,319,387","9,180,381","-860,994","275,993,096,100","305,278,010,050","-29,284,913,950",토목 건설업
034220,LG디스플레이,"19,683,785","22,111,411","-2,427,626","243,876,290,720","276,122,164,530","-32,245,873,810",전자부품 제조업
035250,강원랜드,"6,972,900","8,313,431","-1,340,531","164,550,078,650","196,815,284,100","-32,265,205,450",유원지 및 기타 오락관련 서비스업
267250,현대중공업지주,"516,275","650,795","-134,520","130,964,494,000","163,848,099,500","-32,883,605,500",석유 정제품 제조업
004170,신세계,"961,358","1,110,950","-149,592","236,212,125,000","269,611,741,500","-33,399,616,500",종합 소매업
066570,LG전자,"11,672,965","12,187,393","-514,428","704,173,791,200","739,596,108,650","-35,422,317,450",통신 및 방송 장비 제조업
294870,HDC현대산업개발,"7,311,911","9,367,826","-2,055,915","143,800,588,700","179,813,292,200","-36,012,703,500",건물 건설업
030200,KT,"19,575,904","21,129,906","-1,554,002","455,600,608,860","492,119,825,900","-36,519,217,040",전기 통신업
090430,아모레퍼시픽,"6,506,310","6,731,740","-225,430","1,128,922,760,500","1,168,440,719,500","-39,517,959,000",기타 화학제품 제조업
021240,코웨이,"4,428,746","4,975,895","-547,149","310,414,275,000","350,285,081,300","-39,870,806,300",그외 기타 개인 서비스업
009150,삼성전기,"7,485,134","7,871,167","-386,033","908,028,861,800","951,302,691,500","-43,273,829,700",전자부품 제조업
316140,우리금융지주,"30,923,596","36,013,301","-5,089,705","279,314,015,290","325,093,521,690","-45,779,506,400",기타 금융업
010140,삼성중공업,"31,128,380","39,235,095","-8,106,715","171,567,217,490","219,066,725,030","-47,499,507,540",선박 및 보트 건조업
009540,한국조선해양,"4,715,920","5,220,650","-504,730","444,348,283,500","494,004,857,900","-49,656,574,400",선박 및 보트 건조업
096770,SK이노베이션,"12,245,663","12,727,336","-481,673","1,416,638,484,500","1,466,331,367,600","-49,692,883,100",석유 정제품 제조업
251270,넷마블,"5,680,373","6,207,395","-527,022","573,313,934,200","623,249,044,500","-49,935,110,300",소프트웨어 개발 및 공급업
000810,삼성화재,"2,226,224","2,548,962","-322,738","415,291,141,000","474,702,893,500","-59,411,752,500",보험업
018260,삼성에스디에스,"3,420,978","3,766,727","-345,749","594,735,671,000","656,178,482,500","-61,442,811,500","컴퓨터 프로그래밍, 시스템 통합 및 관리업"
034730,SK,"6,112,302","6,399,861","-287,559","1,455,615,995,500","1,517,553,511,000","-61,937,515,500",기타 금융업
003550,LG,"5,466,197","6,414,294","-948,097","369,573,547,750","431,892,928,250","-62,319,380,500",기타 금융업
005935,삼성전자우,"17,458,865","18,791,013","-1,332,148","802,998,750,950","866,738,955,200","-63,740,204,250",-
000120,CJ대한통운,"754,986","1,185,102","-430,116","110,783,003,500","176,079,408,500","-65,296,405,000",도로 화물 운송업
086790,하나금융지주,"29,203,017","31,652,522","-2,449,505","804,044,120,500","871,143,441,250","-67,099,320,750",기타 금융업
032830,삼성생명,"6,934,475","8,125,388","-1,190,913","349,405,724,900","416,859,829,750","-67,454,104,850",보험업
000270,기아차,"33,642,321","35,561,416","-1,919,095","1,126,555,334,000","1,194,705,060,250","-68,149,726,250",자동차용 엔진 및 자동차 제조업
003490,대한항공,"10,275,773","13,575,699","-3,299,926","215,773,242,950","290,540,357,650","-74,767,114,700",항공 여객 운송업
207940,삼성바이오로직스,"803,594","939,568","-135,974","472,526,642,500","547,755,361,000","-75,228,718,500",기초 의약물질 및 생물학적 제제 제조업
012330,현대모비스,"6,211,547","6,655,751","-444,204","1,225,557,662,000","1,310,809,858,000","-85,252,196,000",자동차 신품 부품 제조업
006400,삼성SDI,"7,163,556","7,523,609","-360,053","2,201,532,566,000","2,293,838,687,500","-92,306,121,500",일차전지 및 축전지 제조업
015760,한국전력,"45,108,469","49,805,392","-4,696,923","974,738,977,700","1,069,724,577,850","-94,985,600,150",전기업
033780,KT&G,"8,077,729","9,253,612","-1,175,883","672,575,874,300","768,435,481,900","-95,859,607,600",담배 제조업
105560,KB금융,"37,099,257","39,794,477","-2,695,220","1,318,049,938,100","1,417,443,250,800","-99,393,312,700",기타 금융업
051900,LG생활건강,"575,312","659,382","-84,070","742,843,337,000","847,068,040,000","-104,224,703,000",기타 화학제품 제조업
036570,엔씨소프트,"1,833,663","1,994,278","-160,615","1,320,230,067,000","1,428,724,452,000","-108,494,385,000",소프트웨어 개발 및 공급업
017670,SK텔레콤,"5,851,191","6,382,826","-531,635","1,222,846,566,265","1,332,840,339,105","-109,993,772,840",전기 통신업
005380,현대차,"17,744,334","18,845,212","-1,100,878","1,840,461,196,500","1,954,267,747,700","-113,806,551,200",자동차용 엔진 및 자동차 제조업
028260,삼성물산,"11,165,053","12,251,878","-1,086,825","1,191,207,646,600","1,309,302,329,200","-118,094,682,600",기타 전문 도매업
055550,신한지주,"33,845,139","38,026,473","-4,181,334","1,053,381,889,550","1,185,741,216,350","-132,359,326,800",기타 금융업
068270,셀트리온,"11,528,825","12,041,656","-512,831","2,609,406,525,445","2,750,011,272,000","-140,604,746,555",기초 의약물질 및 생물학적 제제 제조업
035420,NAVER,"10,433,801","11,618,949","-1,185,148","2,307,680,898,000","2,525,332,642,500","-217,651,744,500","자료처리, 호스팅, 포털 및 기타 인터넷 정보매개 서비스업"
035720,카카오,"9,094,871","10,237,704","-1,142,833","2,003,786,871,000","2,251,934,322,500","-248,147,451,500","자료처리, 호스팅, 포털 및 기타 인터넷 정보매개 서비스업"
000660,SK하이닉스,"54,519,362","60,639,032","-6,119,670","4,693,574,326,300","5,229,673,297,100","-536,098,970,800",반도체 제조업
005930,삼성전자,"363,956,059","421,985,979","-58,029,920","19,033,413,477,500","22,102,309,235,250","-3,068,895,757,750",통신 및 방송 장비 제조업