,산업분류,ID,지역,행정구역,인구 수,확진자 수,총사업체수,총종사자수,상용 종사자수,임시및일용 종사자수,인구 대비 확진자 수,인구 대비 산업체 수,인구 대비 산업체 종사자 수,종사자수 대비 산업체 수,종사자수 대비 상용 종사자 수,종사자수 대비 임시및일용 종사자 수,종사자수 대비 비정규 종사자 비
0,종교 단체,서울 종로,서울,종로구,157967,27,407,2035,1588,85,0.017092177480106604,0.2576487494223477,1.2882437471117385,20.0,78.03439803439804,4.176904176904177,5.35264483627204
1,종교 단체,서울 중구,서울,중구,129797,18,163,956,876,21,0.013867808963227195,0.12558071450033514,0.736534742713622,17.05020920502092,91.63179916317992,2.1966527196652716,2.3972602739726026
2,종교 단체,서울 용산,서울,용산구,226938,53,180,1291,1015,224,0.023354396354951575,0.0793168178092695,0.5688778432875939,13.942680092951202,78.62122385747483,17.35089078233927,22.068965517241377
3,종교 단체,서울 성동,서울,성동구,306796,57,201,650,578,66,0.01857912097941303,0.06551584766424595,0.2118671690634819,30.923076923076927,88.92307692307693,10.153846153846153,11.418685121107265
4,종교 단체,서울 광진,서울,광진구,362304,22,333,899,793,76,0.006072248719307543,0.09191176470588235,0.24813416357534007,37.04115684093437,88.2091212458287,8.453837597330367,9.583858764186633
5,종교 단체,서울 동대문,서울,동대문구,358141,43,349,1079,918,75,0.012006444389221006,0.09744765329856118,0.3012779882783596,32.34476367006487,85.07877664504171,6.950880444856349,8.169934640522875
6,종교 단체,서울 중랑,서울,중랑구,391668,44,466,1094,881,57,0.011234004309772562,0.11897831837168213,0.27931819806570873,42.59597806215722,80.53016453382084,5.210237659963437,6.469920544835414
7,종교 단체,서울 성북,서울,성북구,438734,40,469,1551,1327,66,0.009117141593767522,0.10689848518692419,0.35351716529833566,30.238555770470665,85.55770470664088,4.25531914893617,4.973624717407686
8,종교 단체,서울 강북,서울,강북구,309138,25,396,965,921,39,0.008087003215392479,0.12809813093181685,0.3121583241141497,41.03626943005182,95.44041450777202,4.041450777202073,4.234527687296417
9,종교 단체,서울 도봉,서울,도봉구,328243,64,416,901,833,42,0.019497750142424972,0.1267353759257623,0.27449176372382655,46.17092119866815,92.45283018867924,4.661487236403995,5.042016806722689
10,종교 단체,서울 노원,서울,노원구,534096,54,483,1232,1117,40,0.010110541925047182,0.0904331805518109,0.23067014169737277,39.20454545454545,90.6655844155844,3.2467532467532463,3.5810205908683974
11,종교 단체,서울 은평,서울,은평구,462552,61,527,1418,1103,95,0.01318770646327332,0.11393313616631211,0.30656012729379617,37.16502115655853,77.78561354019746,6.699576868829338,8.612873980054397
12,종교 단체,서울 서대문,서울,서대문구,318874,41,308,886,687,74,0.012857743183828095,0.09658987562485495,0.2778526941676023,34.76297968397291,77.53950338600451,8.35214446952596,10.771470160116449
13,종교 단체,서울 마포,서울,마포구,368181,48,306,1085,925,119,0.013037066008294834,0.08311129580287956,0.2946920128958311,28.202764976958527,85.25345622119815,10.967741935483872,12.864864864864867
14,종교 단체,서울 양천,서울,양천구,445591,70,499,1326,1211,77,0.01570947348577507,0.11198610384859659,0.2975823120305392,37.631975867269986,91.32730015082956,5.806938159879336,6.3583815028901745
15,종교 단체,서울 강서,서울,강서구,578539,99,638,1469,1258,75,0.017112070232084612,0.11027778594010083,0.2539154663730535,43.43090537780803,85.63648740639891,5.105513955071477,5.961844197138315
16,종교 단체,서울 구로,서울,구로구,433765,89,401,1703,1535,72,0.02051802243150093,0.09244637073069518,0.392608901133102,23.54668232530828,90.13505578391074,4.227833235466823,4.690553745928339
17,종교 단체,서울 금천,서울,금천구,249344,38,308,644,573,25,0.01523998973305955,0.12352412731006161,0.25827772073921973,47.82608695652174,88.9751552795031,3.881987577639751,4.363001745200698
18,종교 단체,서울 영등포,서울,영등포구,395286,70,286,1394,1222,87,0.017708696994075176,0.07235267629007858,0.3526560515677256,20.516499282639884,87.66140602582496,6.24103299856528,7.1194762684124395
19,종교 단체,서울 동작,서울,동작구,397980,69,383,975,915,57,0.017337554650987488,0.09623599175837982,0.24498718528569277,39.282051282051285,93.84615384615384,5.846153846153846,6.229508196721312
20,종교 단체,서울 관악,서울,관악구,510303,138,524,1297,1167,81,0.02704275695028248,0.10268409160831898,0.25416272293127806,40.40092521202776,89.97686969930609,6.245181187355436,6.940874035989716
21,종교 단체,서울 서초,서울,서초구,409491,61,325,1579,1342,86,0.014896542292748801,0.07936682369087476,0.3856006603319731,20.58264724509183,84.99050031665611,5.446485117162761,6.408345752608047
22,종교 단체,서울 강남,서울,강남구,507810,95,329,1437,1291,92,0.018707784407554006,0.06478801126405545,0.28297985467005377,22.89491997216423,89.83994432846207,6.4022268615170494,7.126258714175057
23,종교 단체,서울 송파,서울,송파구,638167,87,655,1663,1476,102,0.013632795177437882,0.10263771081864151,0.2605900963227494,39.38665063138906,88.75526157546602,6.133493686109441,6.910569105691057
24,종교 단체,서울 강동,서울,강동구,414231,47,490,1331,1138,105,0.0113463260837552,0.11829148470297975,0.32131829824421637,36.814425244177315,85.49962434259955,7.888805409466566,9.22671353251318
25,종교 단체,부산 중구,부산,중구,42766,0,85,207,177,20,0.0,0.19875602113828741,0.4840293691250059,41.06280193236715,85.5072463768116,9.66183574879227,11.299435028248588
26,종교 단체,부산 서구,부산,서구,107028,7,153,409,353,56,0.006540344582726016,0.1429532458795829,0.3821429906192772,37.40831295843521,86.3080684596577,13.691931540342297,15.864022662889518
27,종교 단체,부산 동구,부산,동구,84557,1,209,378,327,46,0.0011826341994157787,0.24717054767789776,0.4470357273791643,55.29100529100529,86.5079365079365,12.16931216931217,14.067278287461773
28,종교 단체,부산 영도,부산,영도구,120731,0,157,522,431,75,0.0,0.13004116589773962,0.4323661694179622,30.07662835249042,82.56704980842912,14.367816091954023,17.40139211136891
29,종교 단체,부산 부산진,부산,부산진구,357723,14,330,813,666,75,0.003913642678832504,0.09225014885819476,0.22727082127791615,40.59040590405904,81.91881918819189,9.22509225092251,11.26126126126126
30,종교 단체,부산 동래,부산,동래구,258386,39,318,711,632,63,0.015093697026928704,0.12307168345034172,0.27516970733708485,44.72573839662447,88.88888888888889,8.860759493670885,9.968354430379748
31,종교 단체,부산 남구,부산,남구,282645,7,236,522,471,39,0.0024766049284438074,0.08349696615896265,0.18468396752109537,45.21072796934866,90.22988505747126,7.471264367816093,8.280254777070065
32,종교 단체,부산 북구,부산,북구,291675,11,251,527,488,39,0.00377132081940516,0.08605468415188137,0.18068055198422903,47.6280834914611,92.59962049335864,7.400379506641366,7.991803278688526
33,종교 단체,부산 해운대,부산,해운대구,396311,22,352,984,833,78,0.005551195904226731,0.0888191344676277,0.24828985317086835,35.77235772357724,84.65447154471545,7.926829268292683,9.36374549819928
34,종교 단체,부산 사하,부산,사하구,326655,12,312,636,578,58,0.003673600587776094,0.09551361528217844,0.194700831152133,49.056603773584904,90.88050314465409,9.119496855345911,10.034602076124568
35,종교 단체,부산 금정,부산,금정구,247971,7,320,804,685,64,0.0028229107435950172,0.12904734827862935,0.32423146255005625,39.800995024875625,85.19900497512438,7.960199004975125,9.343065693430656
36,종교 단체,부산 강서,부산,강서구,121351,5,80,224,190,20,0.004120279190117922,0.06592446704188676,0.1845885077172829,35.714285714285715,84.82142857142857,8.928571428571429,10.526315789473685
37,종교 단체,부산 연제,부산,연제구,199887,5,234,566,490,74,0.0025014132985136605,0.11706614237043929,0.28315998539174636,41.342756183745585,86.57243816254417,13.074204946996467,15.10204081632653
38,종교 단체,부산 수영,부산,수영구,170296,11,188,481,430,50,0.006459341382064171,0.11039601634800582,0.2824493822520787,39.08523908523909,89.3970893970894,10.395010395010395,11.627906976744185
39,종교 단체,부산 사상,부산,사상구,226961,5,215,430,363,66,0.0022030216645150488,0.09472993157414711,0.18945986314829422,50.0,84.41860465116278,15.348837209302326,18.181818181818183
40,종교 단체,부산 기장,부산,기장군,160335,3,203,417,334,40,0.0018710824211806531,0.12660991049989084,0.26008045654411077,48.6810551558753,80.0959232613909,9.59232613908873,11.976047904191617
41,종교 단체,대구 중구,대구,중구,76935,250,140,510,455,48,0.3249496328069149,0.18197179437187236,0.6628972509261064,27.450980392156865,89.2156862745098,9.411764705882353,10.549450549450547
42,종교 단체,대구 동구,대구,동구,342396,686,445,870,776,46,0.20035280785990492,0.12996647157092958,0.2540917534083342,51.14942528735632,89.19540229885058,5.287356321839081,5.927835051546391
43,종교 단체,대구 서구,대구,서구,183857,545,204,391,346,41,0.29642602674904955,0.11095579716845158,0.21266527790619882,52.17391304347826,88.49104859335038,10.485933503836318,11.849710982658959
44,종교 단체,대구 남구,대구,남구,150132,1365,219,633,470,33,0.9091999040844058,0.14587163296299258,0.4216289665094717,34.59715639810427,74.24960505529225,5.213270142180095,7.021276595744681
45,종교 단체,대구 북구,대구,북구,444759,810,374,794,642,49,0.18212110378879348,0.08409048495927007,0.17852364988679262,47.103274559193956,80.85642317380352,6.171284634760705,7.632398753894082
46,종교 단체,대구 수성,대구,수성구,418834,1058,360,808,761,42,0.2526060443994518,0.08595290735709135,0.1929165254014717,44.554455445544555,94.18316831683168,5.198019801980198,5.519053876478318
47,종교 단체,대구 달서,대구,달서구,576746,1643,435,951,814,94,0.2848741040249954,0.0754231498788028,0.16489061042469302,45.74132492113564,85.59411146161935,9.884332281808621,11.547911547911548
48,종교 단체,대구 달성,대구,달성군,250753,687,256,518,400,24,0.27397478793872854,0.10209249739783773,0.20657778770343727,49.42084942084942,77.22007722007721,4.633204633204633,6.0
49,종교 단체,인천 중구,인천,중구,119514,18,147,363,326,26,0.015060997038003916,0.12299814247703199,0.303730106933079,40.49586776859504,89.80716253443526,7.162534435261708,7.9754601226993875
50,종교 단체,인천 동구,인천,동구,65185,4,80,203,174,25,0.006136381069264401,0.12272762138528803,0.31142133926516835,39.40886699507389,85.71428571428571,12.31527093596059,14.367816091954024
51,종교 단체,인천 연수,인천,연수구,349963,56,353,736,663,67,0.016001691607398498,0.10086780602520838,0.21030794684009452,47.96195652173913,90.08152173913044,9.103260869565217,10.105580693815988
52,종교 단체,인천 남동,인천,남동구,537389,48,756,1462,1352,51,0.008932077135929467,0.1406802148908891,0.272056182765185,51.70998632010944,92.47606019151847,3.488372093023256,3.772189349112426
53,종교 단체,인천 부평,인천,부평구,525014,94,734,1493,1419,45,0.017904284457176383,0.139805795654973,0.28437336909110994,49.16275954454119,95.04353650368385,3.014065639651708,3.1712473572938693
54,종교 단체,인천 계양,인천,계양구,307598,55,461,812,740,57,0.017880480367232558,0.1498709354417129,0.26398091014896063,56.77339901477833,91.13300492610837,7.0197044334975365,7.7027027027027035
55,종교 단체,인천 서구,인천,서구,532713,29,661,1128,1057,38,0.00544383185692859,0.12408182266999304,0.21174628740053275,58.59929078014184,93.70567375886525,3.368794326241135,3.595080416272469
56,종교 단체,인천 미추홀,인천,미추홀구,415102,72,610,1120,1059,50,0.017345134448882443,0.14695183352525404,0.26981320253817137,54.46428571428571,94.55357142857143,4.464285714285714,4.721435316336167
57,종교 단체,인천 강화,인천,강화군,64432,2,243,504,413,9,0.003104047678172337,0.3771417928979389,0.7822200148994288,48.214285714285715,81.94444444444444,1.7857142857142856,2.1791767554479415
58,종교 단체,인천 옹진,인천,옹진군,19207,0,58,72,70,2,0.0,0.30197323892330924,0.3748633310772114,80.55555555555556,97.22222222222221,2.7777777777777777,2.857142857142857
59,종교 단체,광주 동구,광주,동구,99870,18,236,484,451,28,0.018023430459597475,0.23630719935916691,0.4846300190247322,48.760330578512395,93.18181818181817,5.785123966942149,6.208425720620843
60,종교 단체,광주 서구,광주,서구,302189,18,408,901,860,26,0.005956537134045249,0.13501484170502565,0.29815777543193167,45.28301886792453,95.44950055493896,2.885682574916759,3.0232558139534884
61,종교 단체,광주 남구,광주,남구,217345,10,328,758,724,23,0.004600980008741862,0.15091214428673308,0.34875428466263314,43.27176781002638,95.51451187335093,3.034300791556728,3.1767955801104977
62,종교 단체,광주 북구,광주,북구,450023,89,686,1145,1101,40,0.019776766965243997,0.1524366532377234,0.25443144017083574,59.91266375545852,96.15720524017468,3.4934497816593884,3.633060853769301
63,종교 단체,광주 광산,광주,광산구,420665,24,490,823,754,36,0.005705252397988899,0.11648223645894001,0.19564261348103598,59.53827460510328,91.61603888213851,4.374240583232078,4.774535809018568
64,종교 단체,대전 동구,대전,동구,237297,18,484,752,718,31,0.007585430915687936,0.2039638090662756,0.31690244714429594,64.36170212765957,95.47872340425532,4.122340425531915,4.3175487465181055
65,종교 단체,대전 중구,대전,중구,239284,18,600,1086,1013,65,0.0075224419518229385,0.25074806506076464,0.453853997759984,55.24861878453039,93.2780847145488,5.985267034990792,6.416584402764067
66,종교 단체,대전 서구,대전,서구,484492,70,753,1505,1327,174,0.014448122982422826,0.15542052293949127,0.3106346441220908,50.033222591362126,88.17275747508305,11.561461794019934,13.112283345892992
67,종교 단체,대전 유성,대전,유성구,365833,52,401,863,747,87,0.01421413595821044,0.10961285613927667,0.23589998715260788,46.46581691772885,86.558516801854,10.081112398609502,11.646586345381525
68,종교 단체,대전 대덕,대전,대덕구,184308,8,388,694,665,27,0.004340560366343295,0.2105171777676498,0.37654361178028084,55.907780979827095,95.82132564841498,3.890489913544669,4.06015037593985
69,종교 단체,울산 중구,울산,중구,227054,12,212,400,383,17,0.005285086367119716,0.09336985915244832,0.1761695455706572,53.0,95.75,4.25,4.43864229765013
70,종교 단체,울산 남구,울산,남구,327561,19,241,546,476,58,0.0058004463290806905,0.07357408238465507,0.16668651029884513,44.13919413919414,87.17948717948718,10.622710622710622,12.184873949579831
71,종교 단체,울산 동구,울산,동구,166992,9,121,258,235,13,0.005389479735556194,0.07245856088914439,0.15449841908594422,46.89922480620155,91.08527131782945,5.038759689922481,5.531914893617022
72,종교 단체,울산 북구,울산,북구,203675,10,157,317,274,21,0.004909782742113661,0.07708358905118448,0.15564011292500307,49.52681388012618,86.43533123028391,6.624605678233439,7.664233576642336
73,종교 단체,울산 울주,울산,울주군,224834,6,329,682,609,32,0.002668635526655221,0.1463301813782613,0.30333490486314346,48.240469208211145,89.29618768328446,4.69208211143695,5.254515599343185
74,종교 단체,세종,세종특별자치시,세종특별자치시,312374,50,359,693,554,50,0.016006453802173033,0.1149263382996024,0.2218494496981183,51.80375180375181,79.94227994227994,7.215007215007215,9.025270758122744
75,종교 단체,수원,경기도,수원시,1218843,17,1252,2628,2272,242,0.001394765363545592,0.1027203667740636,0.21561431619987154,47.64079147640791,86.45357686453576,9.208523592085236,10.651408450704224
76,종교 단체,성남,경기도,성남시,931393,183,913,2954,2490,276,0.01964798962414362,0.09802521599367828,0.3171593516378156,30.907244414353418,84.29248476641843,9.343263371699392,11.08433734939759
77,종교 단체,의정부,경기도,의정부시,432286,68,610,1147,1082,62,0.01573032668187265,0.14111028346973994,0.2653335985898225,53.18221447253705,94.33304272013949,5.405405405405405,5.730129390018485
78,종교 단체,안양,경기도,안양시,566574,67,711,1830,1425,358,0.011825463222809376,0.12549110972264876,0.322993995488674,38.85245901639344,77.8688524590164,19.562841530054644,25.122807017543856
79,종교 단체,부천,경기도,부천시,848756,185,1222,2154,1979,158,0.021796605856099986,0.14397541814137396,0.2537831838596723,56.73166202414113,91.87558031569174,7.3351903435468895,7.983830217281454
80,종교 단체,광명,경기도,광명시,323460,34,390,867,732,135,0.010511346070611513,0.12057132257466147,0.26803932480059356,44.982698961937714,84.42906574394463,15.570934256055363,18.442622950819672
81,종교 단체,평택,경기도,평택시,504485,133,646,1079,1005,70,0.026363519232484613,0.12805137912921097,0.2138814830966233,59.87025023169601,93.14179796107507,6.487488415199258,6.965174129353232
82,종교 단체,동두천,경기도,동두천시,97535,6,206,297,283,9,0.006151637873583841,0.21120623365971192,0.30450607474240016,69.36026936026936,95.28619528619528,3.0303030303030303,3.180212014134276
83,종교 단체,안산,경기도,안산시,720105,53,882,1773,1443,62,0.007360037772269322,0.12248213802153853,0.2462140937779907,49.746192893401016,81.38747884940778,3.4968979131415683,4.296604296604297
84,종교 단체,고양,경기도,고양시,1006992,83,1302,2765,2410,287,0.008242369353480465,0.12929596262929596,0.2745801356912468,47.08860759493671,87.16094032549728,10.379746835443038,11.908713692946058
85,종교 단체,과천,경기도,과천시,53740,12,41,294,155,73,0.02232973576479345,0.07629326386304427,0.5470785262374396,13.945578231292515,52.721088435374156,24.829931972789115,47.096774193548384
86,종교 단체,구리,경기도,구리시,195868,13,257,552,511,36,0.006637122960361059,0.13121081544713786,0.2818224518553311,46.55797101449276,92.57246376811594,6.521739130434782,7.045009784735812
87,종교 단체,남양주,경기도,남양주시,661866,51,714,1331,1173,143,0.007705487213423866,0.10787682098793411,0.20109810747190518,53.64387678437266,88.12922614575507,10.743801652892563,12.190963341858483
88,종교 단체,오산,경기도,오산시,228059,8,215,396,351,30,0.0035078641930377666,0.09427385018788997,0.17363927755536945,54.292929292929294,88.63636363636364,7.575757575757576,8.547008547008547
89,종교 단체,시흥,경기도,시흥시,480201,35,508,781,732,38,0.007288614559319952,0.10578903417527244,0.16264022773796805,65.04481434058899,93.72599231754162,4.865556978233035,5.191256830601093
90,종교 단체,군포,경기도,군포시,276860,80,297,731,613,76,0.02889547063497797,0.1072744347323557,0.2640323629271112,40.62927496580027,83.85772913816689,10.39671682626539,12.39804241435563
91,종교 단체,의왕,경기도,의왕시,149599,11,170,391,295,95,0.007352990327475451,0.11363712324280242,0.26136538345844557,43.47826086956522,75.44757033248082,24.296675191815854,32.20338983050847
92,종교 단체,하남,경기도,하남시,238592,13,208,531,447,70,0.005448631974248927,0.08717811158798283,0.22255565987124465,39.1713747645951,84.18079096045197,13.182674199623351,15.659955257270692
93,종교 단체,용인,경기도,용인시,1026126,115,939,2308,2008,219,0.01120720067516075,0.09150922986066039,0.22492364485453054,40.68457538994801,87.00173310225303,9.488734835355286,10.906374501992032
94,종교 단체,파주,경기도,파주시,447906,22,531,942,872,56,0.004911744875040745,0.1185516603930289,0.21031198510401738,56.36942675159236,92.56900212314225,5.9447983014862,6.422018348623854
95,종교 단체,이천,경기도,이천시,220599,17,398,622,600,20,0.007706290599685402,0.18041786227498766,0.2819595737061365,63.9871382636656,96.46302250803859,3.215434083601286,3.3333333333333335
96,종교 단체,안성,경기도,안성시,201135,9,344,603,529,19,0.004474606607502424,0.1710294081089815,0.2997986427026624,57.048092868988384,87.72802653399668,3.150912106135987,3.5916824196597354
97,종교 단체,김포,경기도,김포시,424865,42,400,707,614,41,0.00988549303896532,0.09414755275205065,0.16640579948924952,56.57708628005658,86.84582743988685,5.799151343705799,6.677524429967427
98,종교 단체,화성,경기도,화성시,777295,48,691,1411,1244,131,0.006175261644549367,0.08889803742465859,0.1815269620928991,48.97236002834869,88.16442239546421,9.284195605953224,10.53054662379421
99,종교 단체,광주,경기도,광주시,364178,39,475,831,729,95,0.010709048871705594,0.13043072343743994,0.22818511826634227,57.16004813477738,87.72563176895306,11.432009626955475,13.031550068587105
100,종교 단체,양주,경기도,양주시,217776,14,405,580,529,25,0.006428623907133936,0.185970905884946,0.26632870472412024,69.82758620689656,91.20689655172414,4.310344827586207,4.725897920604915
101,종교 단체,포천,경기도,포천시,161564,34,299,494,478,14,0.021044292045257606,0.18506598004505956,0.3057611844222723,60.526315789473685,96.76113360323887,2.834008097165992,2.928870292887029
102,종교 단체,여주,경기도,여주시,112096,2,249,623,567,15,0.0017841849842991722,0.22213103054524697,0.555773622609192,39.96789727126806,91.01123595505618,2.4077046548956664,2.6455026455026456
103,종교 단체,연천,경기도,연천군,43383,0,131,221,165,1,0.0,0.30196159786091326,0.5094161307424567,59.276018099547514,74.6606334841629,0.4524886877828055,0.6060606060606062
104,종교 단체,가평,경기도,가평군,59957,2,201,719,513,206,0.0033357239354870993,0.3352402555164535,1.199192754807612,27.955493741307368,71.3490959666203,28.650904033379692,40.15594541910332
105,종교 단체,양평,경기도,양평군,111094,1,255,421,340,54,0.0009001386213476875,0.22953534844366033,0.37895835958737645,60.57007125890736,80.76009501187649,12.826603325415679,15.882352941176473
106,종교 단체,춘천,강원도,춘천시,284985,10,518,985,871,80,0.0035089566117514955,0.18176395248872748,0.3456322262575223,52.588832487309645,88.4263959390863,8.121827411167512,9.184845005740527
107,종교 단체,원주,강원도,원주시,344168,26,682,1232,1026,61,0.007554450152251226,0.19815903860905137,0.3579647149066735,55.35714285714286,83.27922077922078,4.951298701298701,5.94541910331384
108,종교 단체,강릉,강원도,강릉시,215528,8,385,548,523,15,0.0037118147062098657,0.17863108273634978,0.25425930737537583,70.25547445255475,95.43795620437956,2.737226277372263,2.868068833652008
109,종교 단체,동해,강원도,동해시,87830,0,151,226,216,2,0.0,0.17192303313218718,0.25731526813161787,66.8141592920354,95.57522123893806,0.8849557522123894,0.9259259259259258
110,종교 단체,태백,강원도,태백시,43488,1,108,143,110,14,0.002299484915378955,0.24834437086092717,0.3288263428991906,75.52447552447552,76.92307692307693,9.79020979020979,12.727272727272727
111,종교 단체,속초,강원도,속초시,78312,3,123,222,209,12,0.0038308305240576154,0.15706405148636227,0.2834814587802636,55.4054054054054,94.14414414414415,5.405405405405405,5.741626794258373
112,종교 단체,삼척,강원도,삼척시,67881,1,143,218,171,4,0.0014731662762776034,0.2106627775076973,0.32115024822851757,65.59633027522935,78.44036697247707,1.834862385321101,2.339181286549708
113,종교 단체,홍천,강원도,홍천군,67177,0,222,348,266,2,0.0,0.33047025023445525,0.5180344463134704,63.793103448275865,76.4367816091954,0.5747126436781609,0.7518796992481203
114,종교 단체,횡성,강원도,횡성군,44116,1,122,248,177,7,0.0022667512920482363,0.27654365762988486,0.5621543204279627,49.193548387096776,71.37096774193549,2.82258064516129,3.954802259887005
115,종교 단체,영월,강원도,영월군,36762,3,175,327,217,9,0.008160600620205648,0.4760350361786628,0.8895054676024154,53.51681957186545,66.36085626911316,2.7522935779816518,4.147465437788019
116,종교 단체,평창,강원도,평창군,40025,4,107,248,195,13,0.009993753903810118,0.2673329169269207,0.6196127420362274,43.145161290322584,78.62903225806451,5.241935483870968,6.666666666666667
117,종교 단체,정선,강원도,정선군,35580,0,123,181,137,9,0.0,0.3456998313659359,0.5087127599775154,67.95580110497238,75.69060773480662,4.972375690607735,6.569343065693431
118,종교 단체,철원,강원도,철원군,44346,11,121,195,129,8,0.024804942948631222,0.2728543724349434,0.4397239886348261,62.05128205128205,66.15384615384615,4.102564102564102,6.2015503875969
119,종교 단체,화천,강원도,화천군,23950,0,68,86,74,0,0.0,0.2839248434237996,0.35908141962421714,79.06976744186046,86.04651162790698,0.0,0.0
120,종교 단체,양구,강원도,양구군,22101,0,46,70,54,3,0.0,0.2081353784896611,0.31672774987557123,65.71428571428571,77.14285714285715,4.285714285714286,5.555555555555555
121,종교 단체,인제,강원도,인제군,30373,1,69,122,103,15,0.0032923978533565997,0.2271754518816054,0.4016725381095052,56.557377049180324,84.42622950819673,12.295081967213115,14.563106796116504
122,종교 단체,고성(강원),강원도,고성군,28127,0,73,168,159,9,0.0,0.2595370995840296,0.5972908593166708,43.452380952380956,94.64285714285714,5.357142857142857,5.660377358490567
123,종교 단체,양양,강원도,양양군,25642,0,94,243,198,4,0.0,0.36658606972935026,0.9476639887684268,38.68312757201646,81.48148148148148,1.646090534979424,2.0202020202020203
124,종교 단체,충주,충청북도,충주시,215224,13,473,714,640,51,0.006040218562985541,0.21977102925324313,0.331747388767052,66.24649859943978,89.6358543417367,7.142857142857142,7.968749999999999
125,종교 단체,제천,충청북도,제천시,136101,0,334,679,449,28,0.0,0.24540598526094592,0.498894203569408,49.189985272459495,66.12665684830633,4.123711340206185,6.23608017817372
126,종교 단체,청주,충청북도,청주시,845036,25,1204,1963,1852,84,0.002958453841019791,0.14247913698351314,0.232297795596874,61.33469179826796,94.34538970962812,4.279164544065207,4.535637149028078
127,종교 단체,보은,충청북도,보은군,32507,0,97,202,78,11,0.0,0.298397268280678,0.6214046205432676,48.01980198019802,38.613861386138616,5.445544554455446,14.102564102564102
128,종교 단체,옥천,충청북도,옥천군,49756,2,148,223,172,2,0.004019615724736715,0.29745156363051695,0.44818715330814374,66.3677130044843,77.13004484304933,0.8968609865470852,1.1627906976744187
129,종교 단체,영동,충청북도,영동군,48475,1,153,234,217,2,0.0020629190304280558,0.3156266116554925,0.48272305312016506,65.38461538461539,92.73504273504274,0.8547008547008548,0.9216589861751152
130,종교 단체,진천,충청북도,진천군,83915,1,128,252,222,5,0.0011916820592265983,0.1525353035810046,0.3003038789251028,50.79365079365079,88.09523809523809,1.984126984126984,2.2522522522522523
131,종교 단체,괴산,충청북도,괴산군,38453,11,144,232,167,8,0.028606350609835386,0.37448313525602683,0.6033339401347099,62.06896551724138,71.98275862068965,3.4482758620689653,4.790419161676646
132,종교 단체,음성,충청북도,음성군,105539,8,177,285,282,3,0.007580136252949147,0.16771051459649988,0.2700423540113133,62.10526315789474,98.94736842105263,1.0526315789473684,1.0638297872340425
133,종교 단체,단양,충청북도,단양군,28444,1,139,505,504,0,0.003515679932498945,0.4886795106173534,1.7754183659119676,27.524752475247528,99.8019801980198,0.0,0.0
134,종교 단체,증평,충청북도,증평군,37485,2,89,104,104,0,0.00533546752034147,0.2374283046551954,0.2774443110577564,85.57692307692307,100.0,0.0,0.0
135,종교 단체,천안,충청남도,천안시,671799,113,1046,1619,1499,96,0.01682050732436339,0.15570133328570004,0.24099470228446307,64.60778258184064,92.58801729462631,5.92958616429895,6.404269513008673
136,종교 단체,공주,충청남도,공주시,110119,4,342,802,576,29,0.003632434003214704,0.3105731072748572,0.7283030176445482,42.643391521197,71.82044887780549,3.6159600997506236,5.034722222222222
137,종교 단체,보령,충청남도,보령시,100229,0,279,392,340,12,0.0,0.2783625497610472,0.3911043709904319,71.1734693877551,86.73469387755102,3.061224489795918,3.5294117647058822
138,종교 단체,아산,충청남도,아산시,342272,21,449,775,676,26,0.006135471204188481,0.1311822176514585,0.22642810396409874,57.935483870967744,87.22580645161291,3.354838709677419,3.846153846153846
139,종교 단체,서산,충청남도,서산시,174177,10,327,592,429,15,0.0057412861629262185,0.18774005752768735,0.33988414084523216,55.23648648648649,72.46621621621621,2.5337837837837838,3.4965034965034967
140,종교 단체,논산,충청남도,논산시,122843,8,370,655,443,20,0.006512377587652532,0.3011974634289296,0.5332009149890511,56.48854961832062,67.63358778625954,3.0534351145038165,4.514672686230249
141,종교 단체,계룡,충청남도,계룡시,41557,3,68,128,106,16,0.00721900040907669,0.16363067593907166,0.30801068412060545,53.125,82.8125,12.5,15.09433962264151
142,종교 단체,당진,충청남도,당진시,169965,3,268,369,350,9,0.0017650692789691997,0.15767952225458184,0.21710352131321153,72.62872628726286,94.85094850948511,2.4390243902439024,2.571428571428571
143,종교 단체,금산,충청남도,금산군,55015,6,190,273,108,25,0.010906116513678088,0.34536035626647277,0.49622830137235296,69.59706959706959,39.56043956043956,9.157509157509157,23.14814814814815
144,종교 단체,부여,충청남도,부여군,66527,13,238,307,290,8,0.019540938265666573,0.3577494851714341,0.46146677288920285,77.52442996742671,94.46254071661238,2.6058631921824107,2.7586206896551726
145,종교 단체,서천,충청남도,서천군,52604,1,201,233,222,1,0.0019009961219679113,0.38210022051555015,0.4429320964185233,86.26609442060087,95.27896995708154,0.4291845493562232,0.45045045045045046
146,종교 단체,청양,충청남도,청양군,31181,0,142,226,154,4,0.0,0.45540553542221224,0.7248003591930984,62.83185840707964,68.14159292035397,1.7699115044247788,2.5974025974025974
147,종교 단체,홍성,충청남도,홍성군,103044,4,218,286,282,3,0.0038818368852140835,0.21156011024416754,0.27755133729280695,76.22377622377621,98.6013986013986,1.048951048951049,1.0638297872340425
148,종교 단체,예산,충청남도,예산군,79136,0,223,354,330,6,0.0,0.2817933683784877,0.4473311767084513,62.994350282485875,93.22033898305084,1.694915254237288,1.8181818181818181
149,종교 단체,태안,충청남도,태안군,60948,1,152,207,165,2,0.0016407429283979787,0.24939292511649275,0.3396337861783816,73.42995169082126,79.71014492753623,0.966183574879227,1.2121212121212122
150,종교 단체,전주,전라북도,전주시,658912,10,1386,2531,2324,154,0.0015176533436938467,0.21034675343596718,0.3841180612889126,54.760964045831685,91.82141446068748,6.084551560647966,6.626506024096386
151,종교 단체,군산,전라북도,군산시,272204,10,665,1025,943,48,0.0036737153017589747,0.24430206756697181,0.3765558184302949,64.8780487804878,92.0,4.682926829268292,5.090137857900317
152,종교 단체,익산,전라북도,익산시,294787,4,696,1165,1136,22,0.0013569119398073864,0.23610267752648523,0.3952006024689013,59.742489270386265,97.5107296137339,1.888412017167382,1.936619718309859
153,종교 단체,정읍,전라북도,정읍시,108271,2,360,456,445,4,0.0018472167062278913,0.3324990071210204,0.4211654090199592,78.94736842105263,97.58771929824562,0.8771929824561403,0.8988764044943819
154,종교 단체,남원,전라북도,남원시,78487,0,247,368,300,4,0.0,0.31470179774994583,0.46886745575700434,67.11956521739131,81.52173913043478,1.0869565217391304,1.3333333333333335
155,종교 단체,김제,전라북도,김제시,81410,3,299,409,391,7,0.003685050976538509,0.36727674732833804,0.50239528313475,73.10513447432763,95.59902200488997,1.7114914425427872,1.7902813299232736
156,종교 단체,완주,전라북도,완주군,98002,1,272,509,412,4,0.0010203873390338973,0.27754535621722004,0.5193771555682537,53.43811394891945,80.94302554027504,0.7858546168958742,0.9708737864077669
157,종교 단체,진안,전라북도,진안군,23306,0,97,155,141,8,0.0,0.41620183643696906,0.6650647901827855,62.58064516129033,90.96774193548387,5.161290322580645,5.673758865248227
158,종교 단체,무주,전라북도,무주군,23058,0,71,97,83,6,0.0,0.3079191603781768,0.42067828953074854,73.19587628865979,85.56701030927834,6.185567010309279,7.2289156626506035
159,종교 단체,장수,전라북도,장수군,21281,1,72,149,87,9,0.004699027301348621,0.33832996569710067,0.7001550679009445,48.322147651006716,58.38926174496645,6.0402684563758395,10.344827586206897
160,종교 단체,임실,전라북도,임실군,26377,0,114,122,121,1,0.0,0.4321947150926944,0.46252416878340985,93.44262295081968,99.18032786885246,0.819672131147541,0.8264462809917356
161,종교 단체,순창,전라북도,순창군,27136,0,99,147,113,1,0.0,0.3648290094339623,0.5417158018867925,67.3469387755102,76.87074829931973,0.6802721088435374,0.8849557522123894
162,종교 단체,고창,전라북도,고창군,54425,1,192,274,270,4,0.0018373909049150207,0.35277905374368396,0.5034451079467156,70.07299270072993,98.54014598540147,1.4598540145985401,1.4814814814814814
163,종교 단체,부안,전라북도,부안군,50501,0,171,223,198,15,0.0,0.33860715629393473,0.4415754143482308,76.68161434977578,88.78923766816143,6.726457399103139,7.575757575757576
164,종교 단체,목포,전라남도,목포시,231798,9,526,872,824,41,0.0038826909636838973,0.22692171632197,0.376189613370262,60.321100917431195,94.4954128440367,4.701834862385321,4.975728155339806
165,종교 단체,여수,전라남도,여수시,270947,5,700,949,943,6,0.001845379354633932,0.2583531096487505,0.3502530015095203,73.76185458377239,99.36775553213909,0.6322444678609063,0.6362672322375398
166,종교 단체,순천,전라남도,순천시,268284,3,583,1031,907,123,0.0011182180077827974,0.21730703284579028,0.3842942553413547,56.5470417070805,87.97284190106693,11.930164888457808,13.561190738699008
167,종교 단체,나주,전라남도,나주시,109862,1,220,329,308,18,0.0009102328375598477,0.20025122426316652,0.2994666035571899,66.8693009118541,93.61702127659575,5.47112462006079,5.844155844155844
168,종교 단체,광양,전라남도,광양시,144027,2,250,396,321,40,0.0013886285210411937,0.1735785651301492,0.27494844716615635,63.13131313131313,81.06060606060606,10.1010101010101,12.461059190031152
169,종교 단체,담양,전라남도,담양군,43749,0,105,167,135,3,0.0,0.24000548583967635,0.3817230108116757,62.874251497005986,80.83832335329342,1.7964071856287425,2.222222222222222
170,종교 단체,곡성,전라남도,곡성군,28116,0,95,127,117,4,0.0,0.33788590126618295,0.4517000995874236,74.80314960629921,92.1259842519685,3.149606299212598,3.4188034188034186
171,종교 단체,구례,전라남도,구례군,24246,0,96,146,145,1,0.0,0.3959415986142044,0.6021611812257692,65.75342465753424,99.31506849315068,0.684931506849315,0.6896551724137931
172,종교 단체,고흥,전라남도,고흥군,60664,0,220,352,254,4,0.0,0.36265330344190955,0.5802452855070552,62.5,72.1590909090909,1.1363636363636365,1.574803149606299
173,종교 단체,보성,전라남도,보성군,39373,1,132,177,126,0,0.002539811545983288,0.335255124069794,0.44954664363904195,74.57627118644068,71.1864406779661,0.0,0.0
174,종교 단체,화순,전라남도,화순군,60040,1,166,220,214,2,0.0016655562958027982,0.27648234510326447,0.36642238507661556,75.45454545454545,97.27272727272728,0.9090909090909091,0.9345794392523363
175,종교 단체,장흥,전라남도,장흥군,35875,0,131,150,145,5,0.0,0.36515679442508714,0.4181184668989547,87.33333333333333,96.66666666666667,3.3333333333333335,3.4482758620689653
176,종교 단체,강진,전라남도,강진군,33298,0,127,170,161,4,0.0,0.3814042885458586,0.5105411736440627,74.70588235294117,94.70588235294117,2.3529411764705883,2.4844720496894412
177,종교 단체,해남,전라남도,해남군,66209,0,261,317,314,2,0.0,0.39420622573970304,0.4787868718754248,82.33438485804416,99.05362776025235,0.6309148264984227,0.6369426751592357
178,종교 단체,영암,전라남도,영암군,57175,3,139,167,164,0,0.005247048535198951,0.24311324879755136,0.29208570179274157,83.23353293413174,98.20359281437125,0.0,0.0
179,종교 단체,무안,전라남도,무안군,81324,2,188,249,228,4,0.002459298608036988,0.23117406915547684,0.306182676700605,75.50200803212851,91.56626506024097,1.6064257028112447,1.7543859649122806
180,종교 단체,함평,전라남도,함평군,30600,1,132,190,173,0,0.003267973856209151,0.4313725490196078,0.6209150326797386,69.47368421052632,91.05263157894737,0.0,0.0
181,종교 단체,영광,전라남도,영광군,49570,1,142,238,139,12,0.002017349203147065,0.28646358684688317,0.4801291103490014,59.66386554621849,58.40336134453782,5.042016806722689,8.633093525179856
182,종교 단체,장성,전라남도,장성군,41850,0,115,177,152,1,0.0,0.2747909199522103,0.4229390681003585,64.97175141242938,85.87570621468926,0.5649717514124294,0.6578947368421053
183,종교 단체,완도,전라남도,완도군,48340,0,163,197,180,8,0.0,0.33719486967314855,0.4075299958626396,82.74111675126903,91.37055837563452,4.060913705583756,4.444444444444445
184,종교 단체,진도,전라남도,진도군,29366,0,135,151,149,0,0.0,0.4597153170333038,0.5142000953483621,89.40397350993378,98.67549668874173,0.0,0.0
185,종교 단체,신안,전라남도,신안군,35639,0,205,219,214,3,0.0,0.5752125480512922,0.6144953562108926,93.60730593607306,97.71689497716895,1.36986301369863,1.4018691588785046
186,종교 단체,포항,경상북도,포항시,504382,54,723,1570,1214,86,0.010706171116336427,0.14334373550205995,0.31127201208607763,46.05095541401274,77.32484076433121,5.477707006369427,7.0840197693574956
187,종교 단체,경주,경상북도,경주시,264282,55,545,1104,854,29,0.02081110329118139,0.2062191144307974,0.417735600608441,49.36594202898551,77.35507246376811,2.6268115942028984,3.3957845433255267
188,종교 단체,김천,경상북도,김천시,139894,22,347,682,492,25,0.015726192688750053,0.24804494831801221,0.4875119733512517,50.879765395894424,72.14076246334311,3.6656891495601176,5.08130081300813
189,종교 단체,안동,경상북도,안동시,162186,53,339,544,481,49,0.03267852958948368,0.2090192741666975,0.3354173603147004,62.31617647058824,88.41911764705883,9.007352941176471,10.187110187110187
190,종교 단체,구미,경상북도,구미시,422195,78,432,808,679,33,0.018474875353805705,0.10232238657492392,0.19138076007532065,53.46534653465347,84.03465346534654,4.084158415841585,4.860088365243005
191,종교 단체,영주,경상북도,영주시,107034,5,249,401,357,36,0.004671412822093914,0.23263635854027692,0.3746473083319319,62.094763092269325,89.02743142144638,8.977556109725686,10.084033613445378
192,종교 단체,영천,경상북도,영천시,98686,37,256,466,367,12,0.03749265346655047,0.25940862939018705,0.47220477068682487,54.93562231759657,78.75536480686695,2.575107296137339,3.2697547683923704
193,종교 단체,상주,경상북도,상주시,97558,16,277,439,383,9,0.016400500215256564,0.2839336599766293,0.449988724656102,63.097949886104786,87.24373576309794,2.050113895216401,2.3498694516971277
194,종교 단체,문경,경상북도,문경시,68895,3,177,289,223,1,0.004354452427607228,0.2569126932288265,0.4194789171928297,61.245674740484425,77.16262975778547,0.34602076124567477,0.4484304932735426
195,종교 단체,경산,경상북도,경산시,284517,639,372,702,670,28,0.22459114921076773,0.13074789907105727,0.24673393856957582,52.991452991452995,95.44159544159544,3.9886039886039883,4.179104477611941
196,종교 단체,군위,경상북도,군위군,22277,6,109,143,133,7,0.02693360865466625,0.48929389055977013,0.6419176729362123,76.22377622377621,93.00699300699301,4.895104895104895,5.263157894736842
197,종교 단체,의성,경상북도,의성군,49621,43,216,273,247,12,0.08665685899115294,0.4352995707462566,0.5501702908042966,79.12087912087912,90.47619047619048,4.395604395604396,4.8582995951417
198,종교 단체,청송,경상북도,청송군,24160,2,115,165,134,12,0.008278145695364239,0.4759933774834437,0.6829470198675497,69.6969696969697,81.21212121212122,7.2727272727272725,8.955223880597014
199,종교 단체,영양,경상북도,영양군,16559,2,72,86,76,0,0.01207802403526783,0.43480886526964185,0.5193550335165167,83.72093023255815,88.37209302325581,0.0,0.0
200,종교 단체,영덕,경상북도,영덕군,36096,2,132,168,156,6,0.005540780141843972,0.36569148936170215,0.4654255319148936,78.57142857142857,92.85714285714286,3.571428571428571,3.846153846153846
201,종교 단체,청도,경상북도,청도군,40878,142,177,414,242,38,0.3473751161994227,0.43299574343167474,1.0127697049757816,42.7536231884058,58.454106280193244,9.178743961352657,15.702479338842975
202,종교 단체,고령,경상북도,고령군,32660,10,88,125,119,5,0.03061849357011635,0.2694427434170239,0.38273116962645437,70.39999999999999,95.19999999999999,4.0,4.201680672268908
203,종교 단체,성주,경상북도,성주군,41299,22,131,228,196,15,0.05327005496501126,0.3171989636552943,0.5520714787282985,57.45614035087719,85.96491228070175,6.578947368421052,7.653061224489796
204,종교 단체,칠곡,경상북도,칠곡군,120983,49,183,381,320,11,0.04050155807014209,0.15126092095583676,0.3149202780555946,48.031496062992126,83.98950131233596,2.8871391076115485,3.4375000000000004
205,종교 단체,예천,경상북도,예천군,51082,43,149,236,171,6,0.08417837985983322,0.2916878743980267,0.46200227085861945,63.13559322033898,72.45762711864407,2.5423728813559325,3.508771929824562
206,종교 단체,봉화,경상북도,봉화군,30872,71,113,194,181,8,0.22998186058564396,0.36602746825602483,0.6284011401917595,58.24742268041238,93.29896907216495,4.123711340206185,4.41988950276243
207,종교 단체,울진,경상북도,울진군,48057,1,119,131,127,0,0.002080862309340991,0.2476226148115779,0.2725929625236698,90.83969465648855,96.94656488549617,0.0,0.0
208,종교 단체,울릉,경상북도,울릉군,8729,0,50,56,56,0,0.0,0.5728032993470042,0.6415396952686447,89.28571428571429,100.0,0.0,0.0
209,종교 단체,진주,경상남도,진주시,352333,12,478,916,760,85,0.0034058688797245786,0.13566711037569573,0.2599813244856428,52.183406113537124,82.96943231441048,9.27947598253275,11.184210526315788
210,종교 단체,통영,경상남도,통영시,131407,1,246,367,314,18,0.0007609944675702207,0.1872046390222743,0.27928496959827104,67.0299727520436,85.55858310626702,4.904632152588556,5.7324840764331215
211,종교 단체,사천,경상남도,사천시,112248,3,241,480,328,39,0.0026726534103057513,0.21470315729456205,0.4276245456489203,50.208333333333336,68.33333333333333,8.125,11.890243902439025
212,종교 단체,김해,경상남도,김해시,539401,19,560,1163,967,88,0.00352242580195439,0.10381886574181359,0.21560953724594503,48.15133276010318,83.14703353396389,7.566638005159071,9.100310237849017
213,종교 단체,밀양,경상남도,밀양시,103762,4,333,543,508,23,0.003854975810026792,0.32092673618473044,0.5233129662111371,61.32596685082873,93.55432780847146,4.23572744014733,4.52755905511811
214,종교 단체,거제,경상남도,거제시,252889,18,301,482,463,19,0.007117747312061814,0.11902455227392256,0.19059745580076634,62.448132780082986,96.05809128630706,3.941908713692946,4.103671706263499
215,종교 단체,양산,경상남도,양산시,344993,11,468,956,870,64,0.0031884704907056086,0.13565492633183862,0.27710707173768745,48.95397489539749,91.0041841004184,6.694560669456067,7.35632183908046
216,종교 단체,창원 의창,경상남도,창원시의창구,251931,6,302,558,455,47,0.0023816044869428535,0.11987409250945695,0.22148921728568538,54.121863799283155,81.54121863799283,8.422939068100359,10.32967032967033
217,종교 단체,창원 성산,경상남도,창원시성산구,225894,18,112,295,277,12,0.00796833913251348,0.049580776824528314,0.1305922246717487,37.96610169491525,93.89830508474576,4.067796610169491,4.332129963898916
218,종교 단체,창원 합포,경상남도,창원시마산합포구,178431,5,317,666,626,26,0.002802203652952682,0.17765971159720004,0.37325352657329725,47.5975975975976,93.993993993994,3.903903903903904,4.15335463258786
219,종교 단체,창원 회원,경상남도,창원시마산회원구,197683,1,195,374,341,31,0.0005058603926488369,0.09864277656652318,0.18919178685066496,52.139037433155075,91.17647058823529,8.288770053475936,9.090909090909092
220,종교 단체,창원 진해,경상남도,창원시진해구,190276,3,172,328,288,36,0.0015766570665769722,0.09039500515041309,0.17238117261241565,52.4390243902439,87.8048780487805,10.975609756097562,12.5
221,종교 단체,의령,경상남도,의령군,26401,1,102,155,146,5,0.0037877353130563235,0.38634900193174504,0.5870989735237302,65.80645161290323,94.19354838709677,3.225806451612903,3.4246575342465753
222,종교 단체,함안,경상남도,함안군,67520,2,172,311,215,39,0.0029620853080568723,0.254739336492891,0.4606042654028436,55.30546623794213,69.13183279742765,12.540192926045016,18.13953488372093
223,종교 단체,창녕,경상남도,창녕군,62703,23,158,240,209,3,0.03668086056488525,0.2519815638805161,0.3827568058944548,65.83333333333333,87.08333333333333,1.25,1.4354066985645932
224,종교 단체,고성(경남),경상남도,고성군,51778,2,193,329,269,27,0.0038626443663331914,0.372745181351153,0.6354049982618101,58.662613981762924,81.7629179331307,8.206686930091186,10.037174721189592
225,종교 단체,남해,경상남도,남해군,42696,1,149,308,184,25,0.002342139778902005,0.3489788270563987,0.7213790519018175,48.37662337662338,59.74025974025974,8.116883116883116,13.586956521739129
226,종교 단체,하동,경상남도,하동군,43001,0,176,295,227,21,0.0,0.40929280714401994,0.6860305574288971,59.66101694915255,76.94915254237287,7.118644067796611,9.251101321585905
227,종교 단체,산청,경상남도,산청군,34122,1,151,247,224,17,0.0029306605708926793,0.44252974620479457,0.7238731610104918,61.1336032388664,90.68825910931174,6.882591093117409,7.5892857142857135
228,종교 단체,함양,경상남도,함양군,38005,1,128,255,134,5,0.002631232732535193,0.3367977897645047,0.6709643467964741,50.19607843137255,52.54901960784314,1.9607843137254901,3.731343283582089
229,종교 단체,거창,경상남도,거창군,60020,19,124,169,153,11,0.03165611462845718,0.20659780073308898,0.28157280906364546,73.37278106508876,90.53254437869822,6.508875739644971,7.189542483660132
230,종교 단체,합천,경상남도,합천군,42856,10,169,424,249,5,0.023333955572148592,0.3943438491693112,0.9893597162591002,39.85849056603774,58.72641509433962,1.179245283018868,2.0080321285140563
231,종교 단체,제주,제주특별자치도,제주시,482932,26,521,1007,827,45,0.005383780739317337,0.10788268327632047,0.20851796940355993,51.73783515392254,82.12512413108243,4.468718967229394,5.441354292623942
232,종교 단체,서귀포,제주특별자치도,서귀포시,175350,26,278,470,410,18,0.014827487881380098,0.1585400627316795,0.26803535785571714,59.148936170212764,87.2340425531915,3.829787234042553,4.390243902439024
